"ID","Description","setSize","enrichmentScore","NES","pvalue","p.adjust","qvalue","rank","leading_edge","core_enrichment"
"DOID:104","bacterial infectious disease",102,0.695606042711573,2.60645559547026,1e-10,2.0925e-08,1.33947368421053e-08,995,"tags=34%, list=7%, signal=32%","CXCL8/PTX3/TNF/SDC4/ICAM1/CCL5/ADM/RELB/PDE4A/STAT1/SERPINE1/NFKB2/ACHE/ATF3/PLAUR/NFKB1/NFKBIA/IL1RN/SPP1/TAP1/IL12RB1/REL/IRGM/AKIRIN1/AKIRIN2/TGFB1/NFE2L2/DDIT3/IL4R/HLA-B/HLA-A/HSPA1B/SLC11A1/DUSP14/MIF"
"DOID:934","viral infectious disease",156,0.63166688665548,2.51340938714504,1e-10,2.0925e-08,1.33947368421053e-08,1023,"tags=29%, list=7%, signal=28%","CXCL8/CCL3/TNF/CXCL3/IL2RA/TNFRSF18/IL1RL1/ICAM1/PRF1/CCL5/THBS1/CXCL1/F3/MX1/CXCL2/STAT1/CSF1/RETN/SERPINE1/SERPINA1/RSAD2/IL21R/PLAUR/IL2RG/CLCF1/IRF1/NFKB1/SOCS3/C5AR1/PTGS2/HLA-G/IL12RB1/CEBPB/CD3E/ATF4/TGFB1/DDIT3/FAS/HLA-B/HLA-A/MUC1/KMT2E/VEGFA/RAB31/MIF/PTPN6"
"DOID:0050117","disease by infectious agent",288,0.578493155065556,2.49473804432789,1e-10,2.0925e-08,1.33947368421053e-08,1626,"tags=31%, list=12%, signal=28%","CXCL8/CCL3/PTX3/TNF/CXCL3/IL2RA/TNFRSF18/SDC4/IL1RL1/ICAM1/PRF1/CCL5/ADM/RELB/PDE4A/THBS1/CXCL1/F3/MX1/CXCL2/STAT1/CSF1/RETN/CLEC7A/SERPINE1/SERPINA1/RSAD2/NFKB2/ACHE/IL21R/ATF3/PLAUR/IL2RG/CLCF1/IRF1/NFKB1/NFKBIA/IL1RN/SOCS3/SPP1/C5AR1/PTGS2/TAP1/HLA-G/IL12RB1/REL/IRGM/COL1A1/CEBPB/CD3E/ATF4/AKIRIN1/AKIRIN2/TGFB1/VIM/NFE2L2/GYPC/DDIT3/FAS/IL4R/HLA-B/HLA-A/MUC1/HSPA1B/KMT2E/VEGFA/SLC11A1/RAB31/DUSP14/MIF/PTPN6/SMAP2/LCK/ARPC5L/IRAK1/CYBA/B2M/NFIL3/SOCS1/ITGB2/MUC4/ACTB/IFNGR2/CD44/GLUD2/GLUD1/G6PD/FTL"
"DOID:2914","immune system disease",429,0.437598498555505,1.97237434260531,1e-10,2.0925e-08,1.33947368421053e-08,2092,"tags=28%, list=15%, signal=24%","TNFRSF4/CXCL8/TNF/IL2RA/ICAM1/PRF1/CCL5/RELB/ISG15/SH2D1A/THBS1/F3/MX1/PRDM1/LDLR/STAT1/CSF1/STX11/RETN/SERPINE1/TNFAIP3/NFKB2/ACHE/IL21R/IL2RG/CCR7/MUC16/IRF1/IFIH1/TIMP1/NFKB1/NFKBIA/IL1RN/PTGS2/TAP1/ZNFX1/HLA-G/ICOSLG/IL12RB1/REL/NLRP3/GPR132/ATP2B1/CD3E/IRF7/LST1/ZAP70/AHNAK/JUNB/RHOH/TGFB1/VIM/NRAS/HLA-H/IRF2BP2/FAS/ITGAM/IRF9/IL4R/CORO1A/FCAR/DNMT3B/SNRPC/IGHM/HLA-B/PIK3R1/GADD45A/MUC1/HSPA1B/VEGFA/SLC11A1/OAS1/TIE1/C1GALT1/EDN1/TAPBP/MIF/DHCR7/LCK/IRAK1/CYBA/STXBP2/KRAS/B2M/PDIA3/RAPGEF1/SNRPD2/PSMB7/ITGB2/RASSF5/HDAC1/SPI1/IFNGR2/POMP/BCL10/CD79A/TFPI/RNF31/JAK3/LRRC8A/NCF4/PSMB5/TAP2/CDKN1A/MYD88/MSN/GSTP1/RFXANK/CXCR3/STAT4/ITGA4/E2F1/RPL14/STAT3/CASP10/STAT2/NTRK1/TFRC"
"DOID:0080599","Coronavirus infectious disease",68,0.712716589408867,2.49018846223861,3.9962091180939e-10,6.68965406368919e-08,4.28225356023115e-08,917,"tags=34%, list=7%, signal=32%","CXCL8/CCL3/TNF/CXCL3/IL2RA/CCL5/THBS1/CXCL1/F3/CXCL2/STAT1/CSF1/RETN/SERPINE1/IL2RG/CLCF1/C5AR1/IL12RB1/CD3E/TGFB1/HLA-B/VEGFA/RAB31"
"DOID:2945","severe acute respiratory syndrome",31,0.838063749960302,2.47987090792344,1.00716895881131e-09,1.40500069754178e-07,8.99384210587646e-08,917,"tags=45%, list=7%, signal=42%","CXCL8/TNF/CXCL3/CCL5/CXCL1/CXCL2/STAT1/CLCF1/C5AR1/IL12RB1/CD3E/TGFB1/HLA-B/RAB31"
"DOID:3118","hepatobiliary disease",265,0.460915923279727,1.94992549985828,3.49128360991543e-09,4.17457768785602e-07,2.67227572548414e-07,1001,"tags=19%, list=7%, signal=18%","CP/CXCL8/CCL3/PTX3/TNF/CXCL3/ICAM1/CCL5/ADM/CXCL1/F3/MX1/CXCL2/PLAU/LDLR/STAT1/ZC3H12A/SERPINE1/ABCA1/SERPINA1/PLAUR/GCH1/RGS2/SEMA7A/TIMP1/NFKB1/NFKBIA/SPP1/PTGS2/HLA-G/IL12RB1/COL1A1/NLRP3/AHR/LGALS1/HIF1A/TGFB1/NQO1/NRAS/NFE2L2/FAS/IRF9/SREBF1/CPEB4/HMGCR/VEGFA/EDN1/RHOA/SQSTM1/MIF/SMAD3"
"DOID:77","gastrointestinal system disease",473,0.382940129087583,1.73470624754053,3.61914099239148e-08,3.78652626328959e-06,2.42387205937798e-06,1514,"tags=21%, list=11%, signal=20%","CP/CXCL8/CCL3/PTX3/TNF/CXCL3/IL2RA/ICAM1/PRF1/CCL5/ADM/HBEGF/SNAI1/STX1A/CXCL1/F3/MX1/CXCL2/PLAU/LDLR/STAT1/ZC3H12A/RETN/IL10RA/SERPINE1/ABCA1/SERPINA1/TNFAIP3/ACHE/IL21R/PLAUR/GCH1/RGS2/SEMA7A/HPGD/TIMP1/NFKB1/LMNA/SPRY2/ANXA1/NFKBIA/IL1RN/SPP1/PTGS2/RUNX3/HLA-G/IL12RB1/IRGM/COL1A1/HIVEP1/RHOB/NLRP3/AHR/FGFR1/LGALS1/HIF1A/TGFB1/NQO1/PTGER4/NRAS/NFE2L2/NAMPT/SLC7A5/HSPA5/FAS/APC2/IRF9/IL4R/COL6A3/HLA-B/SREBF1/CPEB4/HMGCR/VEGFA/SLC11A1/CDC42/EDN1/RHOA/SQSTM1/MIF/SMAD3/BCOR/GPX7/CD55/GUSB/EIF2AK2/GLUL/B2M/PDIA3/CTNNB1/NFIL3/SOCS1/GNAI2/MUC4/CNP/ACTB/SLC2A1/F11R/HAMP/GGT1/ACTG1"
"DOID:0050338","primary bacterial infectious disease",68,0.662990975724343,2.31645018910869,5.16467673051891e-08,4.32283442344433e-06,2.76717942719382e-06,1248,"tags=35%, list=9%, signal=32%","CXCL8/TNF/CCL5/PDE4A/STAT1/ACHE/ATF3/PLAUR/NFKBIA/IL1RN/SPP1/TAP1/IL12RB1/IRGM/NFE2L2/DDIT3/IL4R/HLA-B/HLA-A/SLC11A1/DUSP14/MIF/IRAK1/CYBA"
"DOID:409","liver disease",223,0.464352507384927,1.93737744175916,4.97019321240403e-08,4.32283442344433e-06,2.76717942719382e-06,1001,"tags=20%, list=7%, signal=19%","CXCL8/CCL3/PTX3/TNF/CXCL3/ICAM1/CCL5/CXCL1/F3/MX1/CXCL2/PLAU/LDLR/STAT1/ZC3H12A/SERPINE1/ABCA1/SERPINA1/PLAUR/GCH1/RGS2/NFKB1/NFKBIA/SPP1/PTGS2/HLA-G/IL12RB1/COL1A1/NLRP3/AHR/HIF1A/TGFB1/NQO1/NFE2L2/FAS/IRF9/SREBF1/CPEB4/HMGCR/VEGFA/EDN1/RHOA/SQSTM1/MIF/SMAD3"
"DOID:114","heart disease",493,0.378834872653798,1.71826657828683,6.087255111842e-08,4.63184775328341e-06,2.96498837505032e-06,1802,"tags=21%, list=13%, signal=19%","XIRP1/CP/RRAD/H19/TNF/INHBA/CYP1B1/COL4A5/CXCL3/NFATC4/ICAM1/CCL5/LIF/ADM/JPH1/SNAI1/THBS1/ECE1/CXCL1/CXCL2/FLNC/PLAU/RETN/PDE9A/GCH1/JPH4/PRKCA/TIMP1/LMNA/SNTA1/MAP2K3/BAG3/SPP1/PFKFB3/SCD/COL1A1/CHRM4/SPHK1/TTN/ANK2/AHR/DLL1/HIF1A/NEXN/GRK5/TGFB1/PTGER4/NRAS/NFE2L2/FOSL1/FAS/ITGAM/HLA-B/SREBF1/PHC1/MUC1/SLC25A5/VEGFA/TPM4/EDN1/MIF/SMAD3/S100A9/TXN/PPP3R1/SREBF2/TPM3/KCNK17/SRF/PPCDC/NME2/KRAS/GLUL/CALR/JUP/GAPDH/FADS2/CALM1/SOCS1/ITGB2/GNAI2/ACTB/HAMP/SRA1/RANBP1/ACTG1/EMD/PEPD/GNB1/CS/GPX1/MDH2/PDLIM7/PPP2CA/TFPI/OPA1/TRAF6/RPS5/UCP2/RAB1A/RAC1/CDKN1A/GPI/FTH1"
"DOID:552","pneumonia",43,0.733866013893946,2.3542206383783,1.39878536529603e-07,9.75652792293983e-06,6.24545395557615e-06,995,"tags=35%, list=7%, signal=32%","TNF/CXCL3/IL1RL1/ICAM1/CCL5/CXCL1/CXCL2/SERPINE1/CCR7/NFKBIA/IL1RN/TGFB1/MUC1/EDN1/MIF"
"DOID:2377","multiple sclerosis",76,0.614555034133883,2.18061605099432,2.41938254101918e-07,1.55771014371773e-05,9.97138229456487e-06,969,"tags=28%, list=7%, signal=26%","CXCL8/TNF/IL2RA/PRF1/CCL5/TNFSF9/CMPK2/SERPINE1/ACHE/IL21R/SH2D2A/TIMP1/SPP1/CNTF/NECTIN2/COL1A1/FAS/IL4R/SLC11A1/EDN1/RHOA"
"DOID:399","tuberculosis",62,0.657588273550244,2.26499348878252,2.9506239968941e-07,1.76405163242883e-05,1.12922377023992e-05,1248,"tags=35%, list=9%, signal=32%","CXCL8/TNF/CCL5/STAT1/ATF3/PLAUR/NFKBIA/IL1RN/SPP1/TAP1/IL12RB1/IRGM/NFE2L2/DDIT3/IL4R/HLA-B/HLA-A/SLC11A1/DUSP14/MIF/IRAK1/CYBA"
"DOID:11650","bronchopulmonary dysplasia",25,0.809615547666191,2.29100190286228,5.04355312292584e-07,2.15605309323725e-05,1.38015597617778e-05,995,"tags=44%, list=7%, signal=41%","TNF/CXCL3/CXCL1/CXCL2/SERPINE1/NFKBIA/IL1RN/HIF1A/MUC1/EDN1/MIF"
"DOID:3213","demyelinating disease",81,0.607970486468115,2.18309939245022,4.60669434091346e-07,2.15605309323725e-05,1.38015597617778e-05,969,"tags=27%, list=7%, signal=25%","CXCL8/TNF/IL2RA/PRF1/CCL5/TNFSF9/CMPK2/SERPINE1/ACHE/IL21R/SH2D2A/TIMP1/SPP1/PTGS2/CNTF/NECTIN2/COL1A1/FAS/IL4R/SLC11A1/EDN1/RHOA"
"DOID:783","end stage renal disease",81,0.606941282797986,2.17940372965577,5.15185924309977e-07,2.15605309323725e-05,1.38015597617778e-05,1250,"tags=26%, list=9%, signal=24%","CCL3/MSC/TNF/ICAM1/CCL5/PLAU/CSF1/RETN/SERPINE1/ABCA1/PLAUR/IL1RN/COL1A1/TGFB1/PTGER4/HMGCR/EDN1/GTPBP4/SREBF2/CYBA/IRS1"
"DOID:3082","interstitial lung disease",101,0.561387351663758,2.10336937517272,4.67901875947866e-07,2.15605309323725e-05,1.38015597617778e-05,961,"tags=26%, list=7%, signal=24%","CXCL8/TNF/IL2RA/IL1RL1/ICAM1/CCL5/F3/PLAU/STAT1/SERPINE1/GCH1/TIMP1/ANXA1/IL1RN/PTGS2/TAP1/COL1A1/TGFB1/NFE2L2/HSP90AA4P/IL4R/MUC1/HSPA1B/VEGFA/HSP90AA1/EDN1"
"DOID:9744","type 1 diabetes mellitus",101,0.560429735659883,2.09978144222454,4.96259228134206e-07,2.15605309323725e-05,1.38015597617778e-05,1973,"tags=31%, list=14%, signal=27%","CP/TNF/IL2RA/ICAM1/PRF1/CCL5/RETN/ACHE/TIMP1/IL1RN/TAP1/TNFSF10/SH2B3/TGFB1/FAS/DNMT3B/IGHM/SLC11A1/EDN1/APOM/ETS1/SREBF2/FADS2/HDAC1/IFNGR2/G6PD/AIF1/ACP1/TAP2/STAT4/E2F1"
"DOID:850","lung disease",232,0.445504017660594,1.86833700552279,4.80359483159193e-07,2.15605309323725e-05,1.38015597617778e-05,995,"tags=19%, list=7%, signal=18%","CXCL8/TNF/CXCL3/IL2RA/IL1RL1/ICAM1/CCL5/CXCL1/F3/CXCL2/PLAU/STAT1/SERPINE1/SERPINA1/C3AR1/PLAUR/GCH1/CCR7/IRF1/TIMP1/ANXA1/NFKBIA/IL1RN/C5AR1/PTGS2/TAP1/COL1A1/HIF1A/MCAM/TGFB1/NQO1/NFE2L2/DDIT3/FAS/HSP90AA4P/PDE4D/IL4R/MUC1/HSPA1B/VEGFA/HSP90AA1/EDN1/MIF"
"DOID:0050339","commensal bacterial infectious disease",26,0.807697003240303,2.31156773904265,5.88132568010087e-07,2.23757708829292e-05,1.43234199577576e-05,995,"tags=42%, list=7%, signal=39%","CXCL8/PTX3/TNF/ADM/SERPINE1/NFKBIA/IL1RN/TGFB1/HLA-B/HSPA1B/MIF"
"DOID:612","primary immunodeficiency disease",204,0.467927816202465,1.92898610026333,5.75113846695732e-07,2.23757708829292e-05,1.43234199577576e-05,1869,"tags=27%, list=13%, signal=24%","TNFRSF4/TNF/IL2RA/RELB/ISG15/SH2D1A/STAT1/SERPINE1/TNFAIP3/NFKB2/IL21R/IL2RG/IRF1/IFIH1/NFKB1/IL1RN/ZNFX1/ICOSLG/IL12RB1/REL/NLRP3/CD3E/IRF7/ZAP70/RHOH/IRF2BP2/FAS/IRF9/IL4R/CORO1A/IGHM/PIK3R1/SLC11A1/OAS1/TAPBP/LCK/IRAK1/CYBA/B2M/PSMB7/ITGB2/SPI1/IFNGR2/POMP/BCL10/CD79A/RNF31/JAK3/LRRC8A/NCF4/PSMB5/TAP2/MYD88/MSN/RFXANK"
"DOID:1176","bronchial disease",169,0.483672528298483,1.96634196141391,6.76801478327153e-07,2.2455496005397e-05,1.43744544636196e-05,1066,"tags=25%, list=8%, signal=23%","CXCL8/TNF/IL2RA/IL1RL1/ICAM1/PRF1/CCL5/CXCL1/PLAU/IL23A/STAT1/SERPINE1/SERPINA1/HLX/C3AR1/IRF1/NFKBIA/IL1RN/C5AR1/PTGS2/TAP1/RUNX3/HLA-G/IL12RB1/CYSLTR2/ADAM8/TGFB1/NQO1/PTGER4/NFE2L2/FAS/PDE4D/IL4R/HLA-B/MUC1/HSPA1B/HMGCR/VEGFA/EDN1/RHOA/MIF/HPGDS"
"DOID:2841","asthma",169,0.483672528298483,1.96634196141391,6.76801478327153e-07,2.2455496005397e-05,1.43744544636196e-05,1066,"tags=25%, list=8%, signal=23%","CXCL8/TNF/IL2RA/IL1RL1/ICAM1/PRF1/CCL5/CXCL1/PLAU/IL23A/STAT1/SERPINE1/SERPINA1/HLX/C3AR1/IRF1/NFKBIA/IL1RN/C5AR1/PTGS2/TAP1/RUNX3/HLA-G/IL12RB1/CYSLTR2/ADAM8/TGFB1/NQO1/PTGER4/NFE2L2/FAS/PDE4D/IL4R/HLA-B/MUC1/HSPA1B/HMGCR/VEGFA/EDN1/RHOA/MIF/HPGDS"
"DOID:6713","cerebrovascular disease",254,0.437129578934282,1.84569992953594,6.76117183351978e-07,2.2455496005397e-05,1.43744544636196e-05,1634,"tags=25%, list=12%, signal=22%","H19/TNF/CXCL3/ICAM1/MYRF/LIF/ADM/EGR4/ARC/CXCL1/F3/CXCL2/LDLR/RETN/SERPINE1/UPP1/ACHE/GCH1/MT2A/TIMP1/LMNA/ANXA1/NFKBIA/IL1RN/PTGS2/EGR2/PRKCG/HIF1A/TGFB1/VIM/NQO1/NFE2L2/CD63/NAMPT/ITGAM/PDE4D/IL4R/HLA-B/TOMM40/HLA-A/HSPA1B/PPP1R15A/STK24/HMGCR/VEGFA/CDC42/EDN1/MIF/SREBF2/GLUL/B2M/STK26/GAPDH/CTNNB1/CNP/ACTB/SLC2A1/HAMP/ACTG1/HDAC1/CD44/G6PD/AIF1"
"DOID:0050700","cardiomyopathy",300,0.409526042969265,1.76693692329124,6.97542289295487e-07,2.2455496005397e-05,1.43744544636196e-05,1567,"tags=20%, list=11%, signal=18%","XIRP1/H19/TNF/CYP1B1/COL4A5/CXCL3/NFATC4/ICAM1/ADM/JPH1/SNAI1/ECE1/CXCL1/CXCL2/FLNC/RETN/PDE9A/GCH1/JPH4/PRKCA/LMNA/SNTA1/MAP2K3/BAG3/SPP1/PFKFB3/SCD/SPHK1/TTN/ANK2/AHR/DLL1/NEXN/PTGER4/NRAS/FAS/PHC1/SLC25A5/TPM4/EDN1/MIF/SMAD3/S100A9/TXN/PPP3R1/TPM3/SRF/PPCDC/KRAS/JUP/FADS2/CALM1/ITGB2/GNAI2/ACTB/HAMP/RANBP1/ACTG1/EMD/PEPD/CS"
"DOID:11394","adult respiratory distress syndrome",25,0.804756136075779,2.27725102908951,7.589746375344e-07,2.26879204148676e-05,1.45232364851507e-05,961,"tags=44%, list=7%, signal=41%","CXCL8/TNF/ICAM1/F3/PLAU/SERPINE1/C3AR1/IL1RN/C5AR1/MUC1/EDN1"
"DOID:0050161","lower respiratory tract disease",315,0.404005703771225,1.76470310742841,7.58188997872823e-07,2.26879204148676e-05,1.45232364851507e-05,995,"tags=17%, list=7%, signal=17%","CXCL8/TNF/CXCL3/IL2RA/IL1RL1/ICAM1/PRF1/CCL5/CXCL1/F3/CXCL2/PLAU/IL23A/STAT1/SERPINE1/SERPINA1/HLX/C3AR1/PLAUR/GCH1/CCR7/IRF1/TIMP1/ANXA1/NFKBIA/IL1RN/C5AR1/PTGS2/TAP1/RUNX3/HLA-G/IL12RB1/COL1A1/HIF1A/CYSLTR2/ADAM8/MCAM/TGFB1/NQO1/PTGER4/NFE2L2/DDIT3/FAS/HSP90AA4P/PDE4D/IL4R/HLA-B/MUC1/HSPA1B/HMGCR/VEGFA/HSP90AA1/EDN1/RHOA/MIF"
"DOID:1579","respiratory system disease",329,0.394982146485153,1.7228626603023,8.07377828751898e-07,2.33025945746669e-05,1.49167083424579e-05,995,"tags=17%, list=7%, signal=16%","CXCL8/TNF/CXCL3/IL2RA/IL1RL1/ICAM1/PRF1/CCL5/CXCL1/F3/CXCL2/PLAU/IL23A/STAT1/SERPINE1/SERPINA1/HLX/C3AR1/PLAUR/GCH1/CCR7/IRF1/TIMP1/ANXA1/NFKBIA/IL1RN/C5AR1/PTGS2/TAP1/RUNX3/HLA-G/IL12RB1/COL1A1/HIF1A/CYSLTR2/ADAM8/MCAM/TGFB1/NQO1/PTGER4/NFE2L2/DDIT3/FAS/HSP90AA4P/PDE4D/IL4R/HLA-B/MUC1/HSPA1B/HMGCR/VEGFA/CDC42/HSP90AA1/EDN1/RHOA/MIF"
"DOID:526","human immunodeficiency virus infectious disease",42,0.707022866148134,2.26636034186849,1.01334376737571e-06,2.77286334746349e-05,1.7749952133043e-05,858,"tags=33%, list=6%, signal=31%","CXCL8/CCL3/TNF/PRF1/CCL5/SERPINA1/IL21R/PLAUR/SOCS3/PTGS2/FAS/HLA-B/HLA-A/KMT2E"
"DOID:2237","hepatitis",80,0.593891107926458,2.12736923644132,1.04912804241514e-06,2.77286334746349e-05,1.7749952133043e-05,850,"tags=29%, list=6%, signal=27%","CXCL8/CCL3/PTX3/TNF/ICAM1/CCL5/PLAU/LDLR/STAT1/ZC3H12A/PLAUR/NFKB1/NFKBIA/SPP1/HLA-G/COL1A1/NLRP3/AHR/NQO1/FAS/IRF9/SREBF1/HMGCR"
"DOID:417","autoimmune disease",213,0.445952655502009,1.8506037753526,1.06011501934088e-06,2.77286334746349e-05,1.7749952133043e-05,995,"tags=19%, list=7%, signal=18%","CXCL8/TNF/IL2RA/ICAM1/PRF1/CCL5/THBS1/MX1/PRDM1/LDLR/CSF1/RETN/SERPINE1/ACHE/IL21R/CCR7/MUC16/IFIH1/NFKBIA/IL1RN/TAP1/NLRP3/GPR132/ATP2B1/ZAP70/AHNAK/JUNB/TGFB1/VIM/FAS/ITGAM/FCAR/DNMT3B/SNRPC/HLA-B/GADD45A/VEGFA/SLC11A1/C1GALT1/EDN1/MIF"
"DOID:4194","glucose metabolism disease",392,0.379789394848308,1.68903619747403,1.34923676673148e-06,3.42215507198258e-05,2.19062683976499e-05,2067,"tags=25%, list=15%, signal=22%","CP/RRAD/H19/TNF/INHBA/IL2RA/ICAM1/PRF1/CCL5/ADM/RELB/STX1A/TRIB1/F3/RETN/SERPINE1/ABCA1/ACHE/PLAUR/GCH1/MT2A/SLC2A3/TIMP1/LMNA/IL1RN/SOCS3/PTGS2/TAP1/TNFSF10/SCD/CNTF/STAR/ATP2B1/SPHK1/SH2B3/HIF1A/HMGA1/TGFB1/VIM/NFE2L2/NAMPT/FAS/TPI1/ITGAM/DNMT3B/IGHM/PIK3R1/SREBF1/HSPA1B/CDK7/HMGCR/VEGFA/SLC11A1/EDN1/PPP1CA/APOM/ETS1/MIF/UBE2E2/SREBF2/CREM/IRS1/PTPN1/B2M/FADS2/CALM1/SOCS1/CDKN1C/SLC2A1/GGT1/HDAC1/IFNGR2/PGK1/PRNP/GLUD1/G6PD/GPX1/AIF1/PPP2CA/ACP1/TRIB3/F12/TFPI/UCP2/TAP2/GSTP1/HSPG2/CYP51A1/MPST/STAT4/PPP1CC/E2F1/STAT3/ARRB2/ADIPOR1/SCN1B/SDHB/GSR"
"DOID:0080600","COVID-19",41,0.712566008789688,2.26737571871955,1.58101316700209e-06,3.89208241406102e-05,2.49144180187017e-05,216,"tags=27%, list=2%, signal=26%","CXCL8/CCL3/TNF/IL2RA/CCL5/THBS1/F3/CXCL2/CSF1/RETN/IL2RG"
"DOID:3770","pulmonary fibrosis",74,0.600380505303876,2.10950465470847,1.84014978016145e-06,4.4005867599861e-05,2.81695109203663e-05,961,"tags=30%, list=7%, signal=28%","CXCL8/TNF/IL2RA/IL1RL1/ICAM1/F3/PLAU/STAT1/SERPINE1/GCH1/TIMP1/ANXA1/IL1RN/PTGS2/COL1A1/TGFB1/NFE2L2/HSP90AA4P/MUC1/HSPA1B/HSP90AA1/EDN1"
"DOID:3526","cerebral infarction",127,0.510178402543589,1.98459676023257,2.16620984177219e-06,5.03643788212035e-05,3.22397897503522e-05,862,"tags=20%, list=6%, signal=19%","H19/TNF/ICAM1/MYRF/EGR4/ARC/SERPINE1/UPP1/GCH1/ANXA1/NFKBIA/IL1RN/EGR2/PRKCG/HIF1A/TGFB1/VIM/NQO1/NFE2L2/NAMPT/ITGAM/HLA-B/TOMM40/HLA-A/VEGFA"
"DOID:1532","pleural disease",19,0.843478035033835,2.21750931600531,2.42738836440768e-06,5.41739249691212e-05,3.46783975467304e-05,346,"tags=42%, list=2%, signal=41%","TNF/ICAM1/CXCL2/PLAU/SERPINE1/ANXA1/IL1RN/PTGS2"
"DOID:3393","coronary artery disease",263,0.408403424742218,1.72855933606267,2.45950913838304e-06,5.41739249691212e-05,3.46783975467304e-05,1723,"tags=26%, list=12%, signal=23%","H19/TNF/INHBA/CYP1B1/SDC4/IL1RL1/ICAM1/CCL5/THBS1/ECE1/F3/MX1/PLAU/LDLR/RETN/SERPINE1/ABCA1/SERPINA1/PLAUR/GCH1/NFKBIA/SPP1/PTGS2/COL6A2/COL1A1/NLRP3/DAB2IP/TTN/HIF1A/TGFB1/VIM/NFE2L2/NAMPT/ITGAM/IL4R/COL6A3/SREBF1/HMGCR/VEGFA/EDN1/RHOA/SQSTM1/ACAT2/APOM/MIF/YBX1/CFL1/TXN/SREBF2/CSNK2B/CDKN1B/CYBA/IRS1/PTPN1/SOCS1/ITGB2/HAMP/RANBP1/IFNGR2/CS/G6PD/GPX1/MDH2/TNFRSF14/ACP1/F12/TFPI/OPA1"
"DOID:0050848","obstructive sleep apnea",24,0.804282487416673,2.24383472480196,2.78903495128706e-06,5.69371281518845e-05,3.64472089911454e-05,1248,"tags=46%, list=9%, signal=42%","PTX3/TNF/IL1RL1/ICAM1/CCL5/SERPINE1/PTGS2/CYSLTR2/MUC1/EDN1/CYBA"
"DOID:0050847","sleep apnea",29,0.758620194981881,2.213228722086,2.73173632418444e-06,5.69371281518845e-05,3.64472089911454e-05,1248,"tags=38%, list=9%, signal=35%","PTX3/TNF/IL1RL1/ICAM1/CCL5/SERPINE1/PTGS2/CYSLTR2/MUC1/EDN1/CYBA"
"DOID:4989","pancreatitis",66,0.618309667314815,2.15185667596903,2.77038157314391e-06,5.69371281518845e-05,3.64472089911454e-05,995,"tags=29%, list=7%, signal=27%","CXCL3/CTRC/ICAM1/CCL5/CXCL1/PDGFA/F3/CXCL2/SERPINE1/SERPINA1/DUSP10/NFKBIA/IL1RN/COL1A1/DLL1/FDX1/IRF9/BTG2/MIF"
"DOID:1074","kidney failure",170,0.468690467494815,1.90337015344516,3.02433909150487e-06,5.88691120834785e-05,3.76839313972088e-05,1275,"tags=22%, list=9%, signal=21%","CCL3/MSC/TNF/WT1/ICAM1/CCL5/HBEGF/ECE1/PLAU/CSF1/RETN/SERPINE1/ABCA1/PLAUR/MT2A/ANXA1/IL1RN/SPP1/PTGS2/COL1A1/HIF1A/TGFB1/NQO1/PTGER4/NFE2L2/NAMPT/DDIT3/FAS/COL6A3/HMGCR/EDN1/GTPBP4/SREBF2/GPX4/CDKN1B/CYBA/IRS1/B2M"
"DOID:0060036","intrinsic cardiomyopathy",238,0.424558097091932,1.78183366285091,2.96677307760354e-06,5.88691120834785e-05,3.76839313972088e-05,1567,"tags=21%, list=11%, signal=19%","XIRP1/H19/TNF/CYP1B1/COL4A5/CXCL3/NFATC4/ICAM1/ADM/SNAI1/ECE1/CXCL1/CXCL2/FLNC/RETN/PDE9A/GCH1/PRKCA/LMNA/SNTA1/MAP2K3/BAG3/SCD/TTN/ANK2/AHR/DLL1/NEXN/PTGER4/NRAS/FAS/PHC1/SLC25A5/TPM4/EDN1/TXN/PPP3R1/TPM3/SRF/PPCDC/KRAS/JUP/FADS2/CALM1/ACTB/RANBP1/ACTG1/EMD/PEPD/CS"
"DOID:10247","pleurisy",14,0.887119968142126,2.14743671094479,3.16999451823031e-06,6.03019411763357e-05,3.86011294205557e-05,346,"tags=50%, list=2%, signal=49%","TNF/ICAM1/CXCL2/SERPINE1/ANXA1/IL1RN/PTGS2"
"DOID:26","pancreas disease",67,0.613601448543684,2.14131345696906,3.40454513260705e-06,6.33245394664912e-05,4.05359876607483e-05,995,"tags=28%, list=7%, signal=26%","CXCL3/CTRC/ICAM1/CCL5/CXCL1/PDGFA/F3/CXCL2/SERPINE1/SERPINA1/DUSP10/NFKBIA/IL1RN/COL1A1/DLL1/FDX1/IRF9/BTG2/MIF"
"DOID:12930","dilated cardiomyopathy",144,0.481068323241488,1.89963594495725,3.98750934262411e-06,7.25553330386169e-05,4.64449028694662e-05,1621,"tags=24%, list=12%, signal=21%","H19/TNF/COL4A5/CXCL3/NFATC4/ICAM1/SNAI1/ECE1/CXCL1/CXCL2/FLNC/PDE9A/GCH1/PRKCA/LMNA/BAG3/TTN/DLL1/NEXN/PTGER4/FAS/PHC1/TPM4/EDN1/TXN/PPP3R1/TPM3/SRF/PPCDC/FADS2/RANBP1/EMD/CS/GPX1"
"DOID:1273","respiratory syncytial virus infectious disease",10,0.921848984452971,2.0797657788136,4.22466265246922e-06,7.52349497897177e-05,4.81602080651026e-05,375,"tags=60%, list=3%, signal=58%","CXCL8/ICAM1/MX1/RSAD2/IRF1/HLA-G"
"DOID:2916","hypersensitivity reaction type IV disease",37,0.701037534056139,2.17054467949893,6.22559318170927e-06,0.000108558781106055,6.94918186291671e-05,2317,"tags=49%, list=17%, signal=41%","TNF/CCL5/CCR7/IL1RN/PTGS2/TGFB1/NRAS/FAS/HLA-B/MUC1/SLC11A1/CYBA/KRAS/CDKN1A/CXCR3/CASP10/NTRK1/CASP8"
"DOID:3525","middle cerebral artery infarction",97,0.5399358524294,2.0091982544147,6.42124704233646e-06,0.000109685383151747,7.02129912899948e-05,862,"tags=18%, list=6%, signal=17%","H19/TNF/EGR4/ARC/SERPINE1/UPP1/GCH1/NFKBIA/IL1RN/EGR2/PRKCG/HIF1A/TGFB1/NQO1/NFE2L2/NAMPT/VEGFA"
"DOID:2978","carbohydrate metabolic disorder",491,0.341870007979489,1.54807184342874,8.33179796699652e-06,0.000139474297967522,8.92817929516049e-05,2075,"tags=22%, list=15%, signal=20%","CP/RRAD/H19/TNF/INHBA/IL2RA/ICAM1/PRF1/CCL5/ADM/RELB/STX1A/TRIB1/F3/RETN/SERPINE1/ABCA1/ACHE/PLAUR/GCH1/MT2A/SLC2A3/TIMP1/LMNA/IL1RN/SOCS3/PTGS2/TAP1/TNFSF10/SCD/CNTF/STAR/ATP2B1/SPHK1/SH2B3/HIF1A/HMGA1/DOLK/TGFB1/VIM/NFE2L2/NAMPT/DDIT3/FAS/TPI1/ITGAM/ALG2/DNMT3B/IGHM/PIK3R1/SREBF1/HSPA1B/CDK7/HMGCR/VEGFA/SLC11A1/EDN1/PPP1CA/APOM/ETS1/MIF/TMEM199/UBE2E2/B4GALT1/SREBF2/CREM/GMDS/MPDU1/IRS1/PTPN1/B2M/FADS2/CALM1/SOCS1/CDKN1C/DDOST/SLC2A1/GGT1/HDAC1/GYG1/IFNGR2/PGK1/PRNP/GLUD1/G6PD/GPX1/AIF1/PPP2CA/ACP1/TRIB3/F12/TFPI/UCP2/TAP2/GSTP1/HSPG2/CYP51A1/MPST/SSR4/STAT4/PPP1CC/E2F1/STAT3/ARRB2/ADIPOR1/SCN1B/SDHB/GSR/GALK1/GALE"
"DOID:9351","diabetes mellitus",349,0.375307964875709,1.65084929533732,8.69593170963208e-06,0.000142715585116903,9.13566406646591e-05,2067,"tags=24%, list=15%, signal=21%","CP/RRAD/H19/TNF/INHBA/IL2RA/ICAM1/PRF1/CCL5/ADM/STX1A/F3/RETN/SERPINE1/ABCA1/ACHE/PLAUR/GCH1/MT2A/SLC2A3/TIMP1/LMNA/IL1RN/SOCS3/PTGS2/TAP1/TNFSF10/STAR/ATP2B1/SPHK1/SH2B3/HIF1A/HMGA1/TGFB1/VIM/NFE2L2/NAMPT/FAS/ITGAM/DNMT3B/IGHM/PIK3R1/SREBF1/HSPA1B/CDK7/HMGCR/VEGFA/SLC11A1/EDN1/PPP1CA/APOM/ETS1/MIF/UBE2E2/SREBF2/CREM/IRS1/PTPN1/B2M/FADS2/CALM1/SLC2A1/GGT1/HDAC1/IFNGR2/G6PD/GPX1/AIF1/PPP2CA/ACP1/F12/TFPI/UCP2/TAP2/GSTP1/CYP51A1/MPST/STAT4/PPP1CC/E2F1/STAT3/ARRB2/SCN1B/SDHB/GSR"
"DOID:784","chronic kidney disease",108,0.511326826031063,1.93397927681704,8.98344040610303e-06,0.000144598838844389,9.25621693665272e-05,1250,"tags=23%, list=9%, signal=21%","CCL3/MSC/TNF/WT1/ICAM1/CCL5/PLAU/CSF1/RETN/SERPINE1/ABCA1/PLAUR/IL1RN/COL1A1/TGFB1/NQO1/PTGER4/NFE2L2/COL6A3/HMGCR/EDN1/GTPBP4/SREBF2/CYBA/IRS1"
"DOID:5199","ureteral obstruction",41,0.683292863331423,2.17422895280049,9.43609261028827e-06,0.000146259435459468,9.36251683944782e-05,1275,"tags=34%, list=9%, signal=31%","TNF/ICAM1/ADM/RELB/SERPINE1/IRF1/IL1RN/COL1A1/NQO1/DDIT3/HSPA5/EDN1/CFL1/B2M"
"DOID:5200","urinary tract obstruction",41,0.683292863331423,2.17422895280049,9.43609261028827e-06,0.000146259435459468,9.36251683944782e-05,1275,"tags=34%, list=9%, signal=31%","TNF/ICAM1/ADM/RELB/SERPINE1/IRF1/IL1RN/COL1A1/NQO1/DDIT3/HSPA5/EDN1/CFL1/B2M"
"DOID:2957","pulmonary tuberculosis",50,0.658049456906379,2.18614558534444,9.82440009551214e-06,0.000149509506908067,9.57056392079556e-05,1248,"tags=32%, list=9%, signal=29%","CXCL8/TNF/CCL5/ATF3/PLAUR/NFKBIA/IL1RN/TAP1/IL12RB1/DDIT3/IL4R/SLC11A1/DUSP14/MIF/IRAK1/CYBA"
"DOID:1485","cystic fibrosis",44,0.672018104484944,2.16436474652557,1.16729084947392e-05,0.000165597023899944,0.000106003754216275,995,"tags=32%, list=7%, signal=30%","CXCL8/PTX3/TNF/CXCL1/CXCL2/TIMP1/IL1RN/PTGS2/HLA-G/TGFB1/FAS/MUC1/EDN1/MIF"
"DOID:4138","bile duct disease",76,0.560599913889977,1.98916793861654,1.15910552687145e-05,0.000165597023899944,0.000106003754216275,652,"tags=22%, list=5%, signal=21%","CP/CXCL8/TNF/ICAM1/ADM/F3/CXCL2/ABCA1/SEMA7A/TIMP1/SPP1/COL1A1/LGALS1/TGFB1/NQO1/NRAS/NFE2L2"
"DOID:9741","biliary tract disease",76,0.560599913889977,1.98916793861654,1.15910552687145e-05,0.000165597023899944,0.000106003754216275,652,"tags=22%, list=5%, signal=21%","CP/CXCL8/TNF/ICAM1/ADM/F3/CXCL2/ABCA1/SEMA7A/TIMP1/SPP1/COL1A1/LGALS1/TGFB1/NQO1/NRAS/NFE2L2"
"DOID:9352","type 2 diabetes mellitus",251,0.404722711295188,1.70512874996857,1.14262267936744e-05,0.000165597023899944,0.000106003754216275,1315,"tags=19%, list=9%, signal=17%","CP/RRAD/H19/TNF/ICAM1/CCL5/ADM/STX1A/F3/RETN/SERPINE1/ABCA1/PLAUR/GCH1/MT2A/SLC2A3/TIMP1/LMNA/IL1RN/SOCS3/PTGS2/STAR/SPHK1/HIF1A/HMGA1/TGFB1/NFE2L2/NAMPT/ITGAM/PIK3R1/SREBF1/HSPA1B/CDK7/HMGCR/VEGFA/EDN1/PPP1CA/APOM/ETS1/MIF/UBE2E2/SREBF2/CREM/IRS1/PTPN1/B2M/CALM1"
"DOID:13141","uveitis",32,0.73101617083048,2.19845266300362,1.2255480357372e-05,0.00017096395098534,0.000109439289507059,811,"tags=28%, list=6%, signal=27%","CCL3/TNF/ICAM1/CCL5/ANXA1/IL1RN/TGFB1/HLA-B/HLA-A"
"DOID:5844","myocardial infarction",208,0.416689166367504,1.72422018946018,1.48577516291309e-05,0.000203867837927583,0.000130502080745947,1723,"tags=26%, list=12%, signal=23%","H19/TNF/INHBA/CYP1B1/SDC4/IL1RL1/ICAM1/CCL5/THBS1/ECE1/F3/MX1/PLAU/RETN/SERPINE1/PLAUR/GCH1/NFKBIA/SPP1/PTGS2/COL6A2/COL1A1/NLRP3/DAB2IP/TTN/HIF1A/TGFB1/NFE2L2/ITGAM/IL4R/COL6A3/VEGFA/EDN1/RHOA/SQSTM1/MIF/YBX1/CFL1/TXN/CSNK2B/CDKN1B/CYBA/SOCS1/HAMP/RANBP1/IFNGR2/CS/G6PD/GPX1/MDH2/TNFRSF14/F12/TFPI/OPA1"
"DOID:1679","cystitis",28,0.735551801464699,2.14246752690341,1.54589934704786e-05,0.000208696411851461,0.00013359299960057,995,"tags=36%, list=7%, signal=33%","TNF/CXCL3/CXCL1/CXCL2/CSF1/PTGS2/HIF1A/PTGER4/VEGFA/MIF"
"DOID:2320","obstructive lung disease",113,0.500234170745089,1.90077644431226,1.65805552567247e-05,0.000216842574216853,0.000138807608974883,961,"tags=23%, list=7%, signal=22%","TNF/IL1RL1/ICAM1/CCL5/CXCL1/PLAU/STAT1/SERPINE1/SERPINA1/PLAUR/TIMP1/NFKBIA/IL1RN/C5AR1/PTGS2/COL1A1/MCAM/TGFB1/NQO1/NFE2L2/DDIT3/FAS/PDE4D/MUC1/VEGFA/EDN1"
"DOID:3083","chronic obstructive pulmonary disease",113,0.500234170745089,1.90077644431226,1.65805552567247e-05,0.000216842574216853,0.000138807608974883,961,"tags=23%, list=7%, signal=22%","TNF/IL1RL1/ICAM1/CCL5/CXCL1/PLAU/STAT1/SERPINE1/SERPINA1/PLAUR/TIMP1/NFKBIA/IL1RN/C5AR1/PTGS2/COL1A1/MCAM/TGFB1/NQO1/NFE2L2/DDIT3/FAS/PDE4D/MUC1/VEGFA/EDN1"
"DOID:2913","acute pancreatitis",29,0.726809331850794,2.12042244508233,1.75100297949446e-05,0.000225475306744133,0.000144333686892742,995,"tags=41%, list=7%, signal=39%","CXCL3/ICAM1/CXCL1/F3/CXCL2/SERPINE1/SERPINA1/NFKBIA/IL1RN/IRF9/BTG2/MIF"
"DOID:14115","toxic shock syndrome",22,0.774359517936984,2.11608624946459,1.84912192786567e-05,0.000234502280852055,0.000150112130986224,995,"tags=36%, list=7%, signal=34%","PTX3/TNF/ADM/SERPINE1/NFKBIA/IL1RN/HSPA1B/MIF"
"DOID:0060056","hypersensitivity reaction disease",41,0.671591253980114,2.13699458491622,1.99905073282775e-05,0.000249732158712959,0.000159861244777585,2082,"tags=41%, list=15%, signal=35%","TNF/CCL5/CCR7/IL1RN/PTGS2/TGFB1/NRAS/FAS/HLA-B/MUC1/SLC11A1/CYBA/KRAS/CDKN1A/CXCR3/CASP10/NTRK1"
"DOID:3454","brain infarction",148,0.45316644686761,1.79591741403362,2.84836249624468e-05,0.000350599913140706,0.000224429800400703,862,"tags=18%, list=6%, signal=17%","H19/TNF/ICAM1/MYRF/ADM/EGR4/ARC/SERPINE1/UPP1/GCH1/ANXA1/NFKBIA/IL1RN/EGR2/PRKCG/HIF1A/TGFB1/VIM/NQO1/NFE2L2/NAMPT/ITGAM/HLA-B/TOMM40/HLA-A/VEGFA"
"DOID:535","sleep disorder",42,0.652167922459828,2.09052293280716,2.94859710331395e-05,0.000357677648619388,0.000228960476824836,961,"tags=24%, list=7%, signal=22%","PTX3/TNF/IL1RL1/ICAM1/CCL5/SERPINE1/PTGS2/CYSLTR2/MUC1/EDN1"
"DOID:874","bacterial pneumonia",17,0.814833043237429,2.05840189688915,4.16789985741528e-05,0.000498361740093799,0.00031901669585329,117,"tags=29%, list=1%, signal=29%","TNF/CXCL3/IL1RL1/CXCL1/CXCL2"
"DOID:557","kidney disease",477,0.328070894005307,1.48666609982859,5.20195537539054e-05,0.000613244598479138,0.000392556751085809,1290,"tags=17%, list=9%, signal=16%","CXCL8/CCL3/MSC/TNF/COL4A5/IL1RL1/WT1/ICAM1/PRF1/CCL5/ADM/RELB/GADD45G/HBEGF/ECE1/FLNC/GPBAR1/PLAU/CSF1/RETN/SERPINE1/ABCA1/SERPINA1/PLAUR/RGS2/MT2A/SPRY2/ANXA1/NFKBIA/IL1RN/SPP1/PTGS2/COL1A1/TNFAIP2/STAR/FGFR1/LGALS1/HIF1A/TGFB1/VIM/NQO1/PTGER4/NFE2L2/NAMPT/APOL6/DDIT3/FAS/ITGAM/FCAR/COL6A3/RAB5A/SREBF1/PIGA/MUC1/WHAMM/HMGCR/VEGFA/CDC42/TMEM63C/EDN1/RHOA/GTPBP4/MIF/CFL1/DGKE/B4GALT1/SREBF2/LCK/OTUB1/RAB5C/CD55/GPX4/CDKN1B/CYBA/IRS1/KRAS/B2M/GLIS2/PFN1"
"DOID:12030","panuveitis",13,0.861201032258505,2.04048851683412,5.50782842247527e-05,0.00064028505411275,0.0004098661793918,769,"tags=46%, list=6%, signal=44%","CCL3/TNF/ICAM1/CCL5/IL1RN/HLA-B"
"DOID:28","endocrine system disease",223,0.394961773979926,1.64786454061629,6.77777248162894e-05,0.000777122680427866,0.000497460157627849,1849,"tags=22%, list=13%, signal=20%","CP/CXCL3/CTRC/ICAM1/CCL5/CXCL1/PDGFA/F3/CXCL2/SPRY4/SERPINE1/SERPINA1/DUSP10/HPGD/TRH/ANXA1/NFKBIA/IL1RN/PTGS2/COL1A1/STAR/FGFR1/DLL1/FDX1/NR5A1/VIM/FAS/IRF9/BTG2/NSMF/EDN1/MIF/B4GALT1/PAX8/CDKN1B/PSMC3IP/ANXA2/SLC2A1/NRGN/GNAS/PIN1/CS/G6PD/GPX1/CNR2/HSP90AB3P/UCP2/CDKN1A/GNRH1/HSP90AB1"
"DOID:974","upper respiratory tract disease",56,0.596738541872121,2.01292355416103,6.88236546238116e-05,0.000778451336758518,0.000498310671458323,995,"tags=36%, list=7%, signal=33%","CXCL8/TNF/CXCL1/PLAU/SERPINE1/C3AR1/PLAUR/IL1RN/C5AR1/TAP1/HLA-G/IL12RB1/CYSLTR2/TGFB1/IL4R/MUC1/VEGFA/CDC42/EDN1/MIF"
"DOID:11335","sarcoidosis",28,0.70847647050322,2.06360426091777,7.10584056729894e-05,0.000793011807310562,0.000507631277018268,2082,"tags=46%, list=15%, signal=40%","TNF/CCL5/CCR7/IL1RN/PTGS2/TGFB1/HLA-B/MUC1/SLC11A1/CYBA/CDKN1A/CXCR3/NTRK1"
"DOID:0051061","stroke",81,0.532914736635565,1.91358933315242,7.91201955225372e-05,0.000860046800680048,0.000550542440478079,995,"tags=28%, list=7%, signal=27%","TNF/CXCL3/ICAM1/LIF/ADM/CXCL1/CXCL2/LDLR/RETN/SERPINE1/ACHE/TIMP1/IL1RN/PTGS2/CD63/ITGAM/PDE4D/IL4R/HSPA1B/PPP1R15A/HMGCR/VEGFA/MIF"
"DOID:6432","pulmonary hypertension",109,0.481318171647921,1.81822011916646,7.85935659395027e-05,0.000860046800680048,0.000550542440478079,1320,"tags=30%, list=9%, signal=28%","TNF/IL1RL1/ICAM1/CCL5/ADM/ECE1/PDGFA/SERPINE1/SERPINA1/HPGD/IL1RN/PTGS2/COL1A1/AHR/FGFR1/HIF1A/ALAS1/ATF4/EIF5A/TGFB1/VIM/NAMPT/EIF5AL1/DDIT3/ITGAM/HMGCR/EDN1/RHOA/MIF/CDKN1B/CYBA/EIF2AK2/PDIA3"
"DOID:2789","parasitic protozoa infectious disease",46,0.622664107563655,2.03224460792793,8.50218049727659e-05,0.000900800642559557,0.000576630229595441,868,"tags=24%, list=6%, signal=22%","CXCL8/CCL3/TNF/ICAM1/CCL5/NFKBIA/COL1A1/VIM/NFE2L2/GYPC/SLC11A1"
"DOID:1398","parasitic infectious disease",55,0.590551545466954,1.98802687986481,8.44155809387213e-05,0.000900800642559557,0.000576630229595441,868,"tags=22%, list=6%, signal=21%","CXCL8/CCL3/TNF/ICAM1/CCL5/NFKBIA/COL1A1/VIM/NFE2L2/GYPC/FAS/SLC11A1"
"DOID:1824","status epilepticus",70,0.552735151018214,1.94497453971838,8.71315271805268e-05,0.000911613603126262,0.000583551938616949,1115,"tags=21%, list=8%, signal=20%","CCL3/TNF/CXCL3/CXCL1/CXCL2/PLAU/PLAUR/SNTA1/SOCS3/PTGS2/NQO1/SLC6A8/CFL1/IDH2/PAFAH1B2"
"DOID:2475","chronic conjunctivitis",11,0.870745660604635,2.00739313723068,9.29957414276957e-05,0.000960955994752856,0.00061513752289405,1436,"tags=82%, list=10%, signal=73%","ICAM1/CCL5/IRF1/IL1RN/FAS/IL4R/MUC1/LCK/MUC4"
"DOID:10763","hypertension",394,0.337581296134467,1.50041070116956,0.000107257803046821,0.0010948144042706,0.000700824412719281,995,"tags=16%, list=7%, signal=16%","H19/TNF/CYP1B1/IL1RL1/ICAM1/CCL5/ADM/ECE1/PDGFA/F3/PEG10/RETN/SERPINE1/SERPINA1/KYNU/PLAUR/GCH1/RGS2/SLC2A3/PRKCA/HPGD/TIMP1/TRH/ANXA1/NFKBIA/IL1RN/SPP1/PTGS2/SGK1/COL1A1/ATP2B1/DAB2IP/SH2B3/AHR/FGFR1/HIF1A/ALAS1/GRK5/ATF4/EIF5A/CD82/TGFB1/VIM/NQO1/NFE2L2/NAMPT/EIF5AL1/DDIT3/EIF4G2/FAS/ITGAM/COL6A3/S1PR1/PIK3R1/GAMT/HLA-A/CDK7/HMGCR/VEGFA/ENO1/MOV10/EDN1/RHOA/SQSTM1/MIF"
"DOID:3996","urinary system cancer",270,0.3812610182463,1.62334412279787,0.000111139618850022,0.00112076940936709,0.000717439010712253,1578,"tags=20%, list=11%, signal=18%","H19/TNF/CYP1B1/WT1/ICAM1/THBS1/PLAU/STAT1/RETN/SERPINE1/MAP3K8/PRKCA/RRAS2/TIMP1/ANXA1/IL1RN/SPP1/PTGS2/RUNX3/BIRC3/SOX4/FGFR1/HIF1A/JUNB/CD82/TGFB1/NQO1/LATS2/NRAS/FOSL1/PAK6/FAS/IL4R/COL6A3/KDM6B/PIK3R1/MUC1/BTG2/VEGFA/SLC11A1/RHOA/S100A9/TFE3/CDKN1B/NME2/KRAS/JUP/CTNNB1/SOCS1/BSG/ANXA2/SLC2A1/RNF139/FRS2/CD44"
"DOID:1935","Bardet-Biedl syndrome",28,-0.688155028553439,-1.96690346621457,0.000121890857963962,0.00121455533471234,0.000777474269469383,2731,"tags=71%, list=20%, signal=58%","CEP131/BBS4/TRIM32/TTC8/TMEM67/WDPCP/MKKS/BBS9/IFT172/SCAPER/SDCCAG8/ARL6/TBC1D32/CEP290/MKS1/BBS12/BBS2/IFT27/BBS7/BBS10"
"DOID:3480","uveal disease",37,0.646742132017692,2.00243585466335,0.000127500587915452,0.00125550578923804,0.000803687916395851,811,"tags=24%, list=6%, signal=23%","CCL3/TNF/ICAM1/CCL5/ANXA1/IL1RN/TGFB1/HLA-B/HLA-A"
"DOID:13580","cholestasis",64,0.56446256498281,1.95424934429994,0.00013622032342342,0.00132577221750468,0.000848667620838687,652,"tags=22%, list=5%, signal=21%","CP/CXCL8/ICAM1/ADM/CXCL2/ABCA1/SEMA7A/TIMP1/SPP1/COL1A1/LGALS1/TGFB1/NQO1/NFE2L2"
"DOID:12894","Sjogren's syndrome",32,0.688661897906495,2.07107673369478,0.000140129961502799,0.00134814687100969,0.000862990325528428,699,"tags=34%, list=5%, signal=33%","TNF/IL2RA/ICAM1/THBS1/CCR7/MUC16/NFKBIA/IL1RN/TGFB1/VIM/FAS"
"DOID:0050687","cell type cancer",334,0.353650233465676,1.54599849496872,0.000148663837484311,0.00141399581789055,0.000905142264109022,1497,"tags=20%, list=11%, signal=18%","H19/TNF/WT1/ICAM1/RELB/PDGFA/PLAU/CSF1/SERPINE1/DUSP10/DOK2/PRKCA/HPGD/TIMP1/NFKB1/ANXA1/NFKBIA/IL1RN/MAP2K3/BAG3/SPP1/MIR155HG/PTGS2/RUNX3/TNFSF10/SCD/SGK1/REL/RHOB/SLC3A2/SPHK1/FGFR1/IER2/MCAM/JUNB/CD82/NQO1/LATS2/NRAS/SLC7A5/HSPA5/FAS/RAB5A/PIK3R1/MUC1/VEGFA/ACVR1B/TES/ING1/IDH2/SREBF2/TPM3/STRAP/LCK/RAB5C/IRAK1/CDKN1B/NME2/KRAS/JUP/CTNNB1/BSG/MUC4/BRD2/ARPC2/S1PR2/GGT1"
"DOID:0070658","alcohol-associated liver disease",36,0.649688781754322,2.00728189234476,0.000156756210095413,0.00147421289718944,0.000943689070828681,995,"tags=31%, list=7%, signal=28%","TNF/CXCL3/CXCL1/CXCL2/PLAUR/HIF1A/NFE2L2/FAS/VEGFA/SQSTM1/MIF"
"DOID:10952","nephritis",132,0.438416286857741,1.71495352985771,0.000164549300361477,0.00153030849336174,0.000979597589286455,1411,"tags=23%, list=10%, signal=21%","CCL3/TNF/ICAM1/PRF1/ADM/GADD45G/HBEGF/CSF1/SERPINE1/ABCA1/RGS2/SPRY2/IL1RN/SPP1/COL1A1/TNFAIP2/FGFR1/NQO1/FAS/ITGAM/FCAR/VEGFA/TMEM63C/EDN1/RHOA/B4GALT1/OTUB1/CDKN1B/PFN1/RAPGEF1/ITGB2"
"DOID:10140","dry eye syndrome",11,0.857096339551659,1.97592636725496,0.000179175856157017,0.00163011077829808,0.0010434841050792,820,"tags=45%, list=6%, signal=43%","TNF/MUC16/ANXA1/IL1RN/MUC1"
"DOID:1400","lacrimal apparatus disease",11,0.857096339551659,1.97592636725496,0.000179175856157017,0.00163011077829808,0.0010434841050792,820,"tags=45%, list=6%, signal=43%","TNF/MUC16/ANXA1/IL1RN/MUC1"
"DOID:12351","alcoholic hepatitis",23,0.734159489528741,2.03013486089948,0.000195536881620933,0.00175983193458839,0.00112652261171539,782,"tags=52%, list=6%, signal=49%","CCL3/TNF/ICAM1/CCL5/NFKB1/NFKBIA/COL1A1/NLRP3/AHR/NQO1/FAS/SREBF1"
"DOID:1884","viral hepatitis",52,0.593236245671748,2.00078965068781,0.000212061270730141,0.00188824769788434,0.00120872549609901,725,"tags=25%, list=5%, signal=24%","CXCL8/PTX3/TNF/CCL5/PLAU/LDLR/STAT1/ZC3H12A/PLAUR/NFKBIA/HLA-G/FAS/IRF9"
"DOID:0060060","non-Hodgkin lymphoma",77,0.525609743991021,1.87401414994565,0.000221051399414461,0.0019475791716832,0.00124670539946771,2059,"tags=35%, list=15%, signal=30%","H19/ICAM1/PRF1/PRDM1/IER3/IL21R/NFKBIA/BCL6/BIRC3/FGFR1/LGALS1/HIF1A/JUNB/FAS/CALR/BRD2/S1PR2/GPX1/BCL10/JAK3/CDKN1A/MYD88/CCDC50/GSTP1/STAT4/STAT3/CASP10"
"DOID:0050136","systemic mycosis",54,0.565864840159118,1.90926978805506,0.000228928218150973,0.00199596790200379,0.00127768051577681,2644,"tags=33%, list=19%, signal=27%","CXCL8/PTX3/TNF/IL1RL1/CLEC7A/MUC1/SMAP2/ARPC5L/FTL/FTH1/CXCR3/TRMT6/PRKD2/ANP32B/ANP32A/SEC13/ELOA/TRAF3IP2"
"DOID:11713","diabetic angiopathy",21,0.750304813109486,2.03455077766682,0.000236432332376779,0.00204014290927179,0.00130595829820706,862,"tags=43%, list=6%, signal=40%","TNF/ICAM1/F3/SERPINE1/GCH1/IL1RN/FAS/ITGAM/VEGFA"
"DOID:11162","respiratory failure",39,0.6396046108952,2.00755314150733,0.000258374013360138,0.0022067249916575,0.00141259261869291,961,"tags=31%, list=7%, signal=29%","CXCL8/TNF/ICAM1/F3/PLAU/SERPINE1/C3AR1/IL1RN/C5AR1/MUC1/VEGFA/EDN1"
"DOID:9588","encephalitis",14,0.81557000957154,1.9742369034567,0.000284346384664345,0.00240401943398037,0.00153888686649816,304,"tags=29%, list=2%, signal=28%","CXCL8/TNF/NFKBIA/IL1RN"
"DOID:1564","fungal infectious disease",55,0.563322704363935,1.89636397857215,0.000289426078866565,0.00242249628011315,0.00155071446466402,2644,"tags=33%, list=19%, signal=27%","CXCL8/PTX3/TNF/IL1RL1/CLEC7A/MUC1/SMAP2/ARPC5L/FTL/FTH1/CXCR3/TRMT6/PRKD2/ANP32B/ANP32A/SEC13/ELOA/TRAF3IP2"
"DOID:1407","anterior uveitis",11,0.845557969129132,1.9493261249007,0.000292761780075259,0.00242615455369299,0.00155305623823144,769,"tags=45%, list=6%, signal=43%","CCL3/TNF/ICAM1/IL1RN/HLA-B"
"DOID:365","bladder disease",37,0.622495314969944,1.92736312719715,0.000300220090604345,0.00246357074348859,0.0015770074934738,995,"tags=35%, list=7%, signal=33%","TNF/CXCL3/CXCL1/CXCL2/CSF1/RGS2/PTGS2/COL1A1/HIF1A/NQO1/PTGER4/VEGFA/MIF"
"DOID:1883","hepatitis C",26,0.706086677214126,2.02076667050651,0.000314774221278996,0.00255792255544194,0.00163740499367408,725,"tags=31%, list=5%, signal=29%","CXCL8/PTX3/CCL5/LDLR/STAT1/NFKBIA/HLA-G/IRF9"
"DOID:11054","urinary bladder cancer",133,0.436377450938448,1.70963275056474,0.000356904962944519,0.0028723985960054,0.00183871079087814,1340,"tags=22%, list=10%, signal=20%","H19/CYP1B1/ICAM1/THBS1/PLAU/RETN/SERPINE1/PRKCA/RRAS2/IL1RN/SPP1/PTGS2/RUNX3/SOX4/CD82/NQO1/FAS/COL6A3/MUC1/VEGFA/SLC11A1/RHOA/S100A9/CDKN1B/NME2/KRAS/JUP/CTNNB1/SOCS1"
"DOID:841","extrinsic allergic alveolitis",11,0.837368158031545,1.93044555927021,0.000391210397704629,0.00311850574170261,0.00199625155319956,862,"tags=45%, list=6%, signal=43%","TNF/CCL5/TAP1/MUC1/VEGFA"
"DOID:9452","steatotic liver disease",161,0.40816605996396,1.64145219979292,0.000411195581820856,0.00324689341494393,0.00207843645627424,2092,"tags=31%, list=15%, signal=27%","TNF/ICAM1/CCL5/GPBAR1/PLAU/LDLR/STAT1/RETN/SERPINE1/ABCA1/TIMP1/NFKB1/IL1RN/PTGS2/SCD/COL1A1/BIRC3/NLRP3/PLIN2/FGFR1/TGFB1/NQO1/NFE2L2/NAMPT/HSPA5/PGRMC1/SREBF1/HMGCR/PSMD7/INSIG1/TXN/SREBF2/IRS1/FASN/SOCS1/PLIN3/ACTB/HAMP/GGT1/AHCY/G6PD/GPX1/OPA1/UCP2/STAT4/STAT3/ARRB2/SLC22A4/GSR/TFRC"
"DOID:2921","glomerulonephritis",118,0.446742796722566,1.71629665106803,0.000440778605041535,0.00344795974224079,0.00220714520379874,1327,"tags=25%, list=10%, signal=22%","CCL3/TNF/PRF1/ADM/GADD45G/HBEGF/CSF1/SERPINE1/ABCA1/RGS2/SPRY2/IL1RN/SPP1/COL1A1/TNFAIP2/FGFR1/NQO1/FAS/ITGAM/FCAR/VEGFA/TMEM63C/EDN1/RHOA/B4GALT1/OTUB1/CDKN1B/PFN1/RAPGEF1"
"DOID:9408","acute myocardial infarction",27,0.670560499073914,1.93686188400264,0.000463981880754721,0.00356920522995324,0.00228475817398755,974,"tags=22%, list=7%, signal=21%","H19/TNF/IL1RL1/ITGAM/RHOA/SQSTM1"
"DOID:6000","congestive heart failure",148,0.411642487605544,1.63135624218642,0.000464806893745404,0.00356920522995324,0.00228475817398755,1802,"tags=23%, list=13%, signal=20%","RRAD/H19/TNF/INHBA/CCL5/LIF/ADM/ECE1/RETN/PDE9A/GCH1/PRKCA/TIMP1/CHRM4/HIF1A/GRK5/NFE2L2/FOSL1/FAS/EDN1/SRF/NME2/CALR/FADS2/HAMP/SRA1/GNB1/CS/MDH2/PPP2CA/OPA1/UCP2/RAC1/FTH1"
"DOID:3908","lung non-small cell carcinoma",254,0.358573968657446,1.51401319100387,0.00047428522478932,0.00360887939226055,0.00231015482696425,1794,"tags=21%, list=13%, signal=19%","H19/TNF/CYP1B1/ICAM1/PRDM1/TRAF4/PLAU/MAP3K8/IRF1/NFKB1/IL1RN/SPP1/PTGS2/RUNX3/BIRC3/SOX4/SLC3A2/DAB2IP/FGFR1/HIF1A/JUNB/NQO1/SLC7A5/FAS/DNMT3B/PIK3R1/MUC1/HSPA1B/VEGFA/ACVR1B/TES/MIF/SMAD3/IDH2/SNRPB/HSP90B1/CDKN1B/KRAS/PAOX/CALR/CTNNB1/SOCS1/BSG/MUC4/RASSF5/CD44/GPX1/BBC3/TYMP/WRAP53/SNRPE/CDKN1A/MYD88"
"DOID:5295","intestinal disease",153,0.414233534882018,1.65038514559884,0.000484543156003398,0.00365371731148508,0.00233885695975087,1514,"tags=27%, list=11%, signal=25%","TNF/IL2RA/ICAM1/PRF1/STX1A/RETN/IL10RA/SERPINE1/SERPINA1/TNFAIP3/ACHE/IL21R/PLAUR/GCH1/HPGD/SPRY2/ANXA1/IL1RN/PTGS2/RUNX3/IRGM/COL1A1/RHOB/TGFB1/PTGER4/HSPA5/FAS/APC2/COL6A3/HLA-B/VEGFA/SLC11A1/RHOA/MIF/CD55/B2M/PDIA3/NFIL3/GNAI2/ACTB/SLC2A1/ACTG1"
"DOID:1612","breast cancer",324,0.344421178592695,1.50095256412601,0.000500634403944282,0.00374134817947647,0.00239495217676353,1524,"tags=17%, list=11%, signal=15%","H19/TNF/CYP1B1/WT1/ICAM1/CCL5/ADM/RELB/PDGFA/PLAU/STAT1/CSF1/SERPINE1/TNFAIP3/MAP3K8/TIMP1/NFKB1/ANXA1/SOCS3/MAP2K3/RUNX3/REL/RHOB/SOX4/HIF1A/PLK3/CD82/TGFB1/NQO1/ZFP36/LSP1/FAS/KDM6B/MUC1/CDK7/BTG2/KMT2E/KSR1/TES/RHOA/NCOA4/CD55/CDKN1B/KRAS/JUP/CTNNB1/SOCS1/IGFBP6/BSG/BAG1/ANXA2/ARPC2/F11R/HDAC1"
"DOID:13406","pulmonary sarcoidosis",20,0.738991532746106,1.97967402205004,0.000578000808574521,0.00428129802457411,0.00274059069924948,1248,"tags=35%, list=9%, signal=32%","TNF/CCL5/CCR7/IL1RN/TGFB1/MUC1/CYBA"
"DOID:6050","esophageal disease",30,0.655161926238701,1.9256038701282,0.000600490238614675,0.00440886254140775,0.0028222486745602,1793,"tags=40%, list=13%, signal=35%","TNF/CCL5/LMNA/SPRY2/PTGS2/TGFB1/SLC7A5/FAS/IL4R/GPX7/F11R/CDKN1A"
"DOID:0060058","lymphoma",88,0.483602880557268,1.74829010536972,0.000664713793546726,0.00483796039303139,0.00309692742256553,2059,"tags=33%, list=15%, signal=28%","H19/ICAM1/PRF1/PRDM1/IER3/IL21R/NFKBIA/BCL6/BIRC3/FGFR1/LGALS1/HIF1A/HMGA1/JUNB/FAS/PAFAH1B2/CALR/BRD2/S1PR2/GPX1/BCL10/JAK3/CDKN1A/MYD88/CCDC50/GSTP1/STAT4/STAT3/CASP10"
"DOID:2152","ovary epithelial cancer",55,0.545047467365588,1.83484240155234,0.000708416084015777,0.00506789967795902,0.0032441186393525,1578,"tags=24%, list=11%, signal=21%","H19/WT1/MUC16/PRKCA/RUNX3/PLK3/EDN1/RHOA/NCOA4/NME2/SOCS1/BSG/CD44"
"DOID:229","female reproductive system disease",124,0.435643645201292,1.6918615924881,0.000708037779528547,0.00506789967795902,0.0032441186393525,862,"tags=16%, list=6%, signal=15%","CXCL8/PTX3/TNF/INHBA/CCL5/PDGFA/F3/CSF1/SERPINE1/ABCA1/NFKBIA/PTGS2/TNFSF10/STAR/NR5A1/TGFB1/FAS/DNMT3B/HMGCR/VEGFA"
"DOID:0080998","acute necrotizing pancreatitis",23,0.705767336330415,1.95162344640981,0.000727119447558007,0.00515761845428858,0.00330155039078524,995,"tags=39%, list=7%, signal=36%","CXCL3/ICAM1/CXCL1/CXCL2/SERPINE1/NFKBIA/IL1RN/BTG2/MIF"
"DOID:0080547","metabolic dysfunction-associated steatohepatitis",35,0.638065173261084,1.94270995872983,0.000766009666434404,0.00534291742337997,0.00342016596679923,782,"tags=34%, list=6%, signal=32%","TNF/ICAM1/CCL5/GPBAR1/TIMP1/NFKB1/SCD/COL1A1/BIRC3/NFE2L2/HSPA5/SREBF1"
"DOID:2825","nose disease",50,0.578175915158859,1.9207928996997,0.000760249984606326,0.00534291742337997,0.00342016596679923,995,"tags=36%, list=7%, signal=34%","TNF/PLAU/SERPINE1/C3AR1/PLAUR/IL1RN/C5AR1/TAP1/HLA-G/IL12RB1/CYSLTR2/TGFB1/IL4R/MUC1/VEGFA/CDC42/EDN1/MIF"
"DOID:4362","cervical cancer",79,0.490563306023637,1.75747889118893,0.000824578201394404,0.0057039004509679,0.00365124231848414,2199,"tags=32%, list=16%, signal=27%","TNFRSF4/H19/TNF/MAP2K3/TAP1/CD82/NRAS/FOSL1/HLA-B/KMT2E/SMAD3/PTPN6/CD55/SF3B4/KRAS/BSG/BAG1/NDUFS6/TYMP/TAP2/HNRNPC/BAK1/ADAR/TFRC/BAX"
"DOID:10155","intestinal cancer",364,0.317715950877287,1.40611108315452,0.000888709488787555,0.00609712985340314,0.00390296056766924,1964,"tags=19%, list=14%, signal=17%","CCL3/PRF1/LIF/TNFSF9/ADM/SNAI1/THBS1/PRDM1/STAT1/SERPINA1/PELI1/TNFAIP3/TNFRSF10D/MAP3K8/HPGD/MAP2K3/BIRC3/DAB2IP/SH2B3/IER2/HIF1A/EIF5A/JUNB/TGFB1/NQO1/LATS2/NRAS/NFE2L2/SLC7A5/FOSL1/SNX9/SEPHS2/APC2/DNMT3B/COL6A3/PIK3R1/VEGFA/TNFRSF10B/TES/HSP90AA1/RHOA/BCOR/STRAP/EMC3/LCK/MPC2/GPX4/PTPN1/FASN/KRAS/ACTR1A/CALR/CTNNB1/SOCS1/ARPC2/HDAC1/CD44/GPX1/AMER1/RAB1A/WRAP53/RAC1/MYD88/ITPKC/MAP2K2/GSTP1/STAT4/PIK3CA/RAB1B/SMARCB1"
"DOID:5082","liver cirrhosis",136,0.418813404081795,1.65092242936486,0.000930790840532103,0.00633391815874285,0.00405453605332341,1001,"tags=18%, list=7%, signal=17%","CXCL8/TNF/ICAM1/CCL5/F3/PLAU/ZC3H12A/SERPINE1/ABCA1/SERPINA1/PLAUR/GCH1/RGS2/PTGS2/IL12RB1/COL1A1/TGFB1/NQO1/NFE2L2/FAS/CPEB4/VEGFA/EDN1/RHOA/SMAD3"
"DOID:12336","male infertility",104,-0.461896846485641,-1.64375040539399,0.000944194413267172,0.00637331228955341,0.00407975344951605,2171,"tags=28%, list=16%, signal=24%","CFAP58/DNAH10/LRRC23/MTHFR/XRCC2/PTPRF/PMFBP1/ZSWIM7/MAST4/QRICH2/SCAPER/FANCM/CFAP44/WDR19/STK33/AK9/GOPC/SPEF2/PTPRD/DPY19L2/CCDC146/PTPRS/CDC42BPA/CDC42BPB/CFAP69/DNAH2/SYCP2/FSIP2/TDRD9"
"DOID:11963","esophagitis",11,0.817875121964289,1.8855068491559,0.00101539754177626,0.00679910193973386,0.00435231451590837,733,"tags=55%, list=5%, signal=52%","TNF/CCL5/PTGS2/TGFB1/SLC7A5/IL4R"
"DOID:5614","eye disease",461,0.304898905197886,1.38096757425333,0.00106142831596326,0.00705091667032739,0.0045135088790752,1870,"tags=20%, list=13%, signal=18%","CCL3/TNF/INHBA/CYP1B1/PDE6A/ICAM1/MYRF/CCL5/ADM/PHLDA1/THBS1/F3/RETN/SERPINE1/MUC16/MT2A/MAP3K8/IRF1/SLC2A3/TUBB2A/TUBB6/TIMP1/ANXA1/IL1RN/MAP2K3/MAK/SH3PXD2B/TAP1/CNTF/AHR/FGFR1/PDE6G/RP9/HIF1A/HMCN1/TGFB1/VIM/NQO1/NFE2L2/FAS/TPI1/PGRMC1/ITGAM/ZNF408/IL4R/COL6A3/HLA-B/CHMP4B/HLA-A/MUC1/HSPA1B/CDK7/ENPP2/VEGFA/SLC6A6/TDRD7/EDN1/SQSTM1/MIF/NUTF2/BCOR/TOPORS/TXN/FBLN5/LCK/GMDS/CDKN1B/ZNF513/CYBA/PTPN1/GLUL/B2M/GAPDH/CTNNB1/IGFBP6/MUC4/GGT1/VDAC1/HDAC1/BEX3/CS/G6PD/GPX1/TUBB4B/ACP1/OPA1/LOXL3/DNMBP/CHPT1/RP2/CDKN1A/GSTP1/PRPF31/OPTN"
"DOID:76","stomach disease",14,0.781055223740093,1.89068752927221,0.00110649545845363,0.00729241495059595,0.00466809936471526,346,"tags=29%, list=2%, signal=28%","CXCL8/TNF/NFKBIA/PTGS2"
"DOID:10113","trypanosomiasis",10,0.830483654602797,1.87363821389019,0.00114601190536233,0.00749384347490839,0.00479703996570253,642,"tags=40%, list=5%, signal=38%","CXCL8/CCL3/CCL5/VIM"
"DOID:9455","lipid storage disease",209,0.361364223704539,1.49805999712848,0.00121228587919712,0.00786576186734873,0.00503511638116142,1621,"tags=21%, list=12%, signal=19%","TNF/ICAM1/CCL5/GPBAR1/PLAU/LDLR/STAT1/RETN/SERPINE1/ABCA1/TIMP1/NFKB1/IL1RN/NEU1/PTGS2/SCD/COL1A1/BIRC3/NLRP3/PLIN2/FGFR1/TGFB1/NQO1/NFE2L2/NAMPT/HSPA5/PGRMC1/SREBF1/HMGCR/PSMD7/SBDS/INSIG1/TXN/SREBF2/IRS1/FASN/SOCS1/PLIN3/ACTB/HAMP/GGT1/AHCY/G6PD/GPX1"
"DOID:4724","brain edema",14,0.77631470367911,1.87921223035717,0.00123294845543657,0.00793829120923394,0.00508154464629325,133,"tags=29%, list=1%, signal=28%","CP/ICAM1/CXCL2/PLAU"
"DOID:0060158","acquired metabolic disease",323,0.335092403793644,1.46106002144847,0.00126791271923647,0.00810109119084675,0.00518575792761239,2165,"tags=24%, list=16%, signal=21%","CP/TNF/ICAM1/CCL5/ETV4/ADM/TCF7/THBS1/STAT1/RETN/ABCA1/IGF2BP3/PLAUR/TIMP1/IL1RN/SOCS3/SPP1/C5AR1/CNTF/COL1A1/PLIN2/SPHK1/FGFR1/ETV5/HIF1A/GNG11/HMGCS1/NMB/TGFB1/NFE2L2/NAMPT/ITGAM/EHD1/PIK3R1/GNG5/GNG4/HSPA1B/HMGCR/EDN1/RHOA/MIF/SREBF2/COX4I1/QPRT/CDKN1B/IRS1/GLUL/B2M/JUP/GAPDH/CTNNB1/SOCS1/PLIN3/IGFBP6/CORO7/SLC2A1/GNAS/AHCY/BTG1/G6PD/GPX1/SAMD9/ACP1/DEGS1/UCP2/GSTP1/STAT4/VHL/PSMC3/EIF6/ALOX5AP/STAT3/ADIPOR1/ETV1/TFRC/MED13L/MYH9/IGF2BP2/SLC29A1"
"DOID:2349","arteriosclerosis",98,0.438056031125026,1.62852393919052,0.00128353473180621,0.00813877704940754,0.00520988180613525,714,"tags=18%, list=5%, signal=18%","H19/ICAM1/CCL5/PLAU/LDLR/CSF1/ABCA1/SERPINA1/LMNA/PTGS2/TNFSF10/FURIN/DAB2IP/TGFB1/VIM/PTGER4/FAS/ITGAM"
"DOID:12236","primary biliary cholangitis",46,0.557571226776911,1.81979514378432,0.00129862609713053,0.00817255671652823,0.0052315052112342,969,"tags=28%, list=7%, signal=26%","CXCL8/TNF/ICAM1/CCL5/ZC3H12A/ABCA1/GCH1/IL12RB1/COL1A1/FAS/CPEB4/VEGFA/RHOA"
"DOID:4029","gastritis",13,0.791109718836562,1.87441751272464,0.0013470154227925,0.00841382021550243,0.00538594540613813,346,"tags=31%, list=2%, signal=30%","CXCL8/TNF/NFKBIA/PTGS2"
"DOID:2462","retinal vascular disease",95,0.443099551413713,1.64377675980307,0.00148063056025886,0.00911241013924019,0.0058331343279548,1324,"tags=26%, list=9%, signal=24%","TNF/ICAM1/CCL5/ADM/THBS1/F3/RETN/SERPINE1/MAP3K8/HIF1A/NFE2L2/ITGAM/ZNF408/COL6A3/HLA-B/ENPP2/VEGFA/EDN1/NUTF2/BCOR/CYBA/PTPN1/GLUL/GAPDH/CTNNB1"
"DOID:4607","biliary tract cancer",95,0.442894938500454,1.64301770249755,0.00148063056025886,0.00911241013924019,0.0058331343279548,1859,"tags=28%, list=13%, signal=25%","THBS1/TNFAIP3/MUC16/IFITM1/SOCS3/PTGS2/RUNX3/BIRC3/FSCN1/JUNB/TGFB1/SLC7A5/FAS/IL4R/MUC1/HSP90AA1/CFL1/IDH2/KRAS/CALR/ANXA2/MUC4/GNAS/TYMP/RAC1/HSP90AB1/GSTP1"
"DOID:13949","interstitial cystitis",15,0.746390564067079,1.8449842052132,0.00166597304704096,0.0101044886983571,0.00646819436265332,862,"tags=40%, list=6%, signal=38%","CXCL3/CXCL1/CXCL2/CSF1/HIF1A/VEGFA"
"DOID:0080208","metabolic dysfunction-associated steatotic liver disease",115,0.432098842930795,1.65447290641471,0.00166345608542361,0.0101044886983571,0.00646819436265332,1602,"tags=26%, list=11%, signal=23%","TNF/ICAM1/CCL5/GPBAR1/RETN/SERPINE1/TIMP1/NFKB1/IL1RN/SCD/COL1A1/BIRC3/NLRP3/PLIN2/NQO1/NFE2L2/NAMPT/HSPA5/PGRMC1/SREBF1/HMGCR/PSMD7/IRS1/FASN/PLIN3/ACTB/HAMP/GGT1/AHCY/G6PD"
"DOID:0111910","spermatogenic failure",57,-0.53421001494007,-1.72964298147614,0.00185802442026292,0.011188247768058,0.00716194191528836,2171,"tags=35%, list=16%, signal=30%","CFAP58/DNAH10/LRRC23/XRCC2/PMFBP1/ZSWIM7/QRICH2/FANCM/CFAP44/WDR19/STK33/AK9/SPEF2/DPY19L2/CCDC146/CFAP69/DNAH2/SYCP2/FSIP2/TDRD9"
"DOID:12241","beta thalassemia",16,0.749065536178733,1.87689845448793,0.00191769343722519,0.0113837546592729,0.00728709189658545,401,"tags=25%, list=3%, signal=24%","HBG2/HBG1/TNF/COL1A1"
"DOID:0050592","asphyxiating thoracic dystrophy",17,-0.712519981425968,-1.83620596957549,0.00190564006840294,0.0113837546592729,0.00728709189658545,2443,"tags=71%, list=18%, signal=58%","DYNC2H1/DYNC2LI1/SMARCAD1/IFT172/IFT80/KIAA0586/KIAA0753/NEK1/IFT43/WDR19/WDR35/INTU"
"DOID:3905","lung carcinoma",269,0.335901229076118,1.4294437001385,0.0021146087991807,0.0124642786261567,0.00797876856028893,1794,"tags=20%, list=13%, signal=18%","H19/TNF/CYP1B1/ICAM1/PRDM1/TRAF4/PLAU/MAP3K8/IRF1/NFKB1/IL1RN/SPP1/PTGS2/RUNX3/BIRC3/SOX4/SLC3A2/DAB2IP/FGFR1/HIF1A/JUNB/NQO1/SLC7A5/FAS/DNMT3B/PIK3R1/MUC1/HSPA1B/VEGFA/ACVR1B/TES/MIF/SMAD3/IDH2/SNRPB/STRAP/HSP90B1/CDKN1B/KRAS/PAOX/CALR/CTNNB1/SOCS1/BSG/MUC4/RASSF5/CD44/GPX1/BBC3/TYMP/WRAP53/SNRPE/CDKN1A/MYD88"
"DOID:3458","breast adenocarcinoma",11,0.788696837079049,1.81824003235188,0.00220868665737107,0.0127710481753407,0.00817514119505552,915,"tags=45%, list=7%, signal=43%","H19/TNF/CYP1B1/MUC1/KSR1"
"DOID:5672","large intestine cancer",351,0.317155775599902,1.3938987802816,0.00221242770062652,0.0127710481753407,0.00817514119505552,1964,"tags=19%, list=14%, signal=17%","CCL3/PRF1/LIF/TNFSF9/ADM/SNAI1/THBS1/PRDM1/STAT1/SERPINA1/PELI1/TNFAIP3/TNFRSF10D/MAP3K8/HPGD/MAP2K3/BIRC3/DAB2IP/SH2B3/IER2/HIF1A/EIF5A/JUNB/TGFB1/NQO1/LATS2/NRAS/NFE2L2/SLC7A5/FOSL1/SNX9/SEPHS2/APC2/DNMT3B/COL6A3/PIK3R1/VEGFA/TNFRSF10B/TES/HSP90AA1/RHOA/BCOR/STRAP/LCK/GPX4/FASN/KRAS/ACTR1A/CALR/CTNNB1/SOCS1/ARPC2/HDAC1/CD44/GPX1/AMER1/RAB1A/WRAP53/RAC1/MYD88/ITPKC/GSTP1/STAT4/PIK3CA/RAB1B/SMARCB1"
"DOID:9256","colorectal cancer",351,0.317155775599902,1.3938987802816,0.00221242770062652,0.0127710481753407,0.00817514119505552,1964,"tags=19%, list=14%, signal=17%","CCL3/PRF1/LIF/TNFSF9/ADM/SNAI1/THBS1/PRDM1/STAT1/SERPINA1/PELI1/TNFAIP3/TNFRSF10D/MAP3K8/HPGD/MAP2K3/BIRC3/DAB2IP/SH2B3/IER2/HIF1A/EIF5A/JUNB/TGFB1/NQO1/LATS2/NRAS/NFE2L2/SLC7A5/FOSL1/SNX9/SEPHS2/APC2/DNMT3B/COL6A3/PIK3R1/VEGFA/TNFRSF10B/TES/HSP90AA1/RHOA/BCOR/STRAP/LCK/GPX4/FASN/KRAS/ACTR1A/CALR/CTNNB1/SOCS1/ARPC2/HDAC1/CD44/GPX1/AMER1/RAB1A/WRAP53/RAC1/MYD88/ITPKC/GSTP1/STAT4/PIK3CA/RAB1B/SMARCB1"
"DOID:0060180","colitis",61,0.510281504366084,1.75749008170898,0.00224081536543081,0.0128463182251068,0.00822332387169634,995,"tags=31%, list=7%, signal=29%","TNF/ICAM1/RETN/SERPINE1/SERPINA1/TNFAIP3/ANXA1/IL1RN/PTGS2/COL1A1/RHOB/PTGER4/FAS/COL6A3/HLA-B/VEGFA/SLC11A1/RHOA/MIF"
"DOID:374","nutrition disease",296,0.330263539497734,1.42906998898916,0.00227768172775972,0.0129688408580604,0.00830175438188111,2122,"tags=24%, list=15%, signal=21%","TNF/ICAM1/CCL5/ETV4/ADM/TCF7/THBS1/STAT1/RETN/ABCA1/PLAUR/TIMP1/IL1RN/SOCS3/C5AR1/CNTF/COL1A1/PLIN2/SPHK1/FGFR1/ETV5/HIF1A/GNG11/HMGCS1/NMB/TGFB1/NFE2L2/NAMPT/ITGAM/EHD1/PIK3R1/GNG5/GNG4/HSPA1B/HMGCR/EDN1/RHOA/MIF/SREBF2/COX4I1/QPRT/CDKN1B/IRS1/GLUL/B2M/JUP/GAPDH/CTNNB1/SOCS1/PLIN3/IGFBP6/CORO7/SLC2A1/GNAS/AHCY/BTG1/G6PD/GPX1/ACP1/DEGS1/UCP2/GSTP1/STAT4/VHL/PSMC3/EIF6/ALOX5AP/STAT3/ADIPOR1/ETV1/TFRC/MED13L"
"DOID:8947","diabetic retinopathy",91,0.450661270930844,1.64504501071065,0.00229808193594154,0.0129965850025883,0.00831951426311697,1304,"tags=25%, list=9%, signal=23%","TNF/ICAM1/CCL5/ADM/THBS1/F3/RETN/SERPINE1/MAP3K8/HIF1A/NFE2L2/ITGAM/COL6A3/HLA-B/ENPP2/VEGFA/EDN1/NUTF2/BCOR/CYBA/PTPN1/GLUL/GAPDH"
"DOID:3479","uveal cancer",10,0.810524177278377,1.82860802065635,0.00238786613672209,0.0131948011809075,0.00844639854251641,862,"tags=40%, list=6%, signal=38%","SERPINE1/MCAM/HLA-B/VEGFA"
"DOID:6039","uveal melanoma",10,0.810524177278377,1.82860802065635,0.00238786613672209,0.0131948011809075,0.00844639854251641,862,"tags=40%, list=6%, signal=38%","SERPINE1/MCAM/HLA-B/VEGFA"
"DOID:4483","rhinitis",46,0.545902632120393,1.78171130647179,0.00238699990639119,0.0131948011809075,0.00844639854251641,995,"tags=35%, list=7%, signal=32%","TNF/SERPINE1/C3AR1/IL1RN/C5AR1/TAP1/HLA-G/IL12RB1/CYSLTR2/TGFB1/IL4R/MUC1/VEGFA/CDC42/EDN1/MIF"
"DOID:1324","lung cancer",312,0.327100415905857,1.42249829878616,0.00239618850597125,0.0131948011809075,0.00844639854251641,1794,"tags=19%, list=13%, signal=17%","H19/TNF/CYP1B1/WT1/ICAM1/PRDM1/TRAF4/PLAU/MAP3K8/IRF1/NFKB1/NFKBIA/IL1RN/SPP1/PTGS2/RUNX3/BIRC3/SOX4/SLC3A2/DAB2IP/FGFR1/HIF1A/JUNB/NQO1/SLC7A5/FAS/DNMT3B/PIK3R1/MUC1/HSPA1B/VEGFA/ACVR1B/TES/MIF/SMAD3/IDH2/SNRPB/STRAP/HSP90B1/CDKN1B/KRAS/PAOX/CALR/CTNNB1/SOCS1/CDKN1C/BSG/MUC4/RASSF5/CD44/GPX1/BBC3/TYMP/WRAP53/SNRPE/RAC1/CDKN1A/MYD88"
"DOID:1024","leprosy",10,0.806841415525654,1.82029941263702,0.00255691433981136,0.013792478078605,0.00882898992895674,868,"tags=30%, list=6%, signal=28%","CXCL8/TNF/SLC11A1"
"DOID:865","vasculitis",50,0.53973110802704,1.79307309914587,0.0025706410755823,0.013792478078605,0.00882898992895674,1143,"tags=32%, list=8%, signal=29%","TNF/ICAM1/SERPINE1/IL21R/IL1RN/DLL1/TGFB1/VIM/FAS/ITGAM/HLA-B/HLA-A/VEGFA/SLC11A1/EDN1/DHCR7"
"DOID:0050589","inflammatory bowel disease",107,0.432394645221273,1.63270160958078,0.0025635051723762,0.013792478078605,0.00882898992895674,995,"tags=27%, list=7%, signal=25%","TNF/IL2RA/ICAM1/PRF1/RETN/IL10RA/SERPINE1/SERPINA1/TNFAIP3/IL21R/PLAUR/HPGD/ANXA1/IL1RN/PTGS2/RUNX3/IRGM/COL1A1/RHOB/TGFB1/PTGER4/HSPA5/FAS/COL6A3/HLA-B/VEGFA/SLC11A1/RHOA/MIF"
"DOID:848","arthritis",146,0.394041942223903,1.5623861789088,0.00257058667837723,0.013792478078605,0.00882898992895674,1001,"tags=23%, list=7%, signal=21%","TNF/SERPINA1/PLAUR/TNFRSF10D/SH2D2A/IL1RN/SPP1/PTGS2/TAP1/TNFSF10/COL1A1/CEBPB/FGFR1/HIF1A/ZAP70/VIM/PTGER4/ZFP36/HSPA5/FAS/HSP90AA4P/IL4R/DNMT3B/HLA-B/PIK3R1/VEGFA/SLC11A1/TNFRSF10B/HSP90AA1/EDN1/TYROBP/MIF/SMAD3"
"DOID:9074","systemic lupus erythematosus",81,0.463635585789909,1.66482187570685,0.00259497978495743,0.0138343826752189,0.00885581435161469,868,"tags=19%, list=6%, signal=17%","TNF/PRF1/PRDM1/LDLR/RETN/IL21R/IFIH1/IL1RN/TAP1/JUNB/VIM/FAS/SNRPC/GADD45A/SLC11A1"
"DOID:447","renal tubular transport disease",33,-0.593356463759019,-1.7460155502782,0.00267029306735622,0.0141457930213744,0.0090551577034265,3167,"tags=42%, list=23%, signal=33%","NDUFAF6/CLCN5/AUH/NEDD4L/OCRL/CTNS/WNK3/ATP6V0A2/KLHL3/NEDD4/GATM/EHHADH/CLCN4/NR3C2"
"DOID:120","female reproductive organ cancer",227,0.347020015140066,1.45631881699574,0.00273118718543511,0.0143773815987999,0.0092034046831279,2017,"tags=22%, list=14%, signal=20%","TNFRSF4/H19/TNF/WT1/ICAM1/MUC16/IRF1/PRKCA/TIMP1/MAP2K3/TAP1/RUNX3/HIF1A/PLK3/HMGA1/CD82/NRAS/FOSL1/FAS/HLA-B/PIK3R1/HLA-A/KMT2E/TES/EDN1/RHOA/SMAD3/NCOA4/PTPN6/CD55/SF3B4/NME2/KRAS/CALR/JUP/CTNNB1/SOCS1/BSG/BAG1/CD44/NDUFS6/TYMP/WRAP53/TAP2/HNRNPC/PEBP1/GSTP1/BAK1/PIK3CA/ADAR/STAT3"
"DOID:0050156","idiopathic pulmonary fibrosis",30,0.611055023433721,1.79596809713963,0.00278180483948061,0.014552316566533,0.00931538594273443,823,"tags=23%, list=6%, signal=22%","TNF/IL2RA/IL1RL1/F3/PTGS2/MUC1/HSPA1B"
"DOID:3342","bone inflammation disease",150,0.391099839988358,1.55673394955735,0.00302869720082659,0.0157454630875271,0.0100791557713026,1001,"tags=22%, list=7%, signal=21%","TNF/SERPINA1/PLAUR/TNFRSF10D/SH2D2A/IL1RN/SPP1/PTGS2/TAP1/TNFSF10/COL1A1/CEBPB/FGFR1/HIF1A/ZAP70/VIM/PTGER4/ZFP36/HSPA5/FAS/HSP90AA4P/IL4R/DNMT3B/HLA-B/PIK3R1/VEGFA/SLC11A1/TNFRSF10B/HSP90AA1/EDN1/TYROBP/MIF/SMAD3"
"DOID:654","overnutrition",286,0.32573749992808,1.40610084137941,0.00331680654932481,0.0170316998882507,0.0109025155544484,2061,"tags=23%, list=15%, signal=20%","TNF/ICAM1/CCL5/ETV4/ADM/TCF7/THBS1/STAT1/RETN/ABCA1/PLAUR/TIMP1/IL1RN/SOCS3/C5AR1/CNTF/COL1A1/PLIN2/SPHK1/FGFR1/ETV5/HIF1A/GNG11/HMGCS1/NMB/TGFB1/NFE2L2/NAMPT/ITGAM/EHD1/PIK3R1/GNG5/GNG4/HSPA1B/HMGCR/EDN1/RHOA/MIF/SREBF2/CDKN1B/IRS1/GLUL/B2M/JUP/GAPDH/CTNNB1/SOCS1/PLIN3/IGFBP6/CORO7/SLC2A1/GNAS/G6PD/GPX1/ACP1/DEGS1/UCP2/GSTP1/STAT4/VHL/PSMC3/EIF6/ALOX5AP/STAT3/ADIPOR1/ETV1"
"DOID:9970","obesity",286,0.32573749992808,1.40610084137941,0.00331680654932481,0.0170316998882507,0.0109025155544484,2061,"tags=23%, list=15%, signal=20%","TNF/ICAM1/CCL5/ETV4/ADM/TCF7/THBS1/STAT1/RETN/ABCA1/PLAUR/TIMP1/IL1RN/SOCS3/C5AR1/CNTF/COL1A1/PLIN2/SPHK1/FGFR1/ETV5/HIF1A/GNG11/HMGCS1/NMB/TGFB1/NFE2L2/NAMPT/ITGAM/EHD1/PIK3R1/GNG5/GNG4/HSPA1B/HMGCR/EDN1/RHOA/MIF/SREBF2/CDKN1B/IRS1/GLUL/B2M/JUP/GAPDH/CTNNB1/SOCS1/PLIN3/IGFBP6/CORO7/SLC2A1/GNAS/G6PD/GPX1/ACP1/DEGS1/UCP2/GSTP1/STAT4/VHL/PSMC3/EIF6/ALOX5AP/STAT3/ADIPOR1/ETV1"
"DOID:2871","endometrial carcinoma",47,0.545371538839995,1.79416195581258,0.003372334109258,0.0172000255061853,0.0110102659657276,1379,"tags=23%, list=10%, signal=21%","H19/IRF1/PRKCA/TIMP1/RUNX3/CD82/PIK3R1/TES/CD55/KRAS/BSG"
"DOID:3021","acute kidney failure",73,0.466614904094473,1.64452255427719,0.00339068603168528,0.0172000255061853,0.0110102659657276,699,"tags=19%, list=5%, signal=18%","CCL3/TNF/ICAM1/HBEGF/ECE1/ANXA1/IL1RN/PTGS2/HIF1A/NQO1/PTGER4/NFE2L2/DDIT3/FAS"
"DOID:10241","thalassemia",23,0.657207525466656,1.81734340742743,0.00352894533802684,0.0177858132371652,0.0113852467304497,831,"tags=22%, list=6%, signal=20%","HBG2/HBG1/TNF/COL1A1/PPP1R15A"
"DOID:2163","nasal cavity disease",47,0.543456591377192,1.78786216632879,0.0035486628561608,0.0177858132371652,0.0113852467304497,995,"tags=34%, list=7%, signal=32%","TNF/SERPINE1/C3AR1/IL1RN/C5AR1/TAP1/HLA-G/IL12RB1/CYSLTR2/TGFB1/IL4R/MUC1/VEGFA/CDC42/EDN1/MIF"
"DOID:0050615","respiratory system cancer",318,0.317399333758695,1.38769222157847,0.00357312388512101,0.0178018136419422,0.0113954890822468,2040,"tags=20%, list=15%, signal=18%","H19/TNF/CYP1B1/WT1/ICAM1/PRDM1/TRAF4/PLAU/MAP3K8/IRF1/NFKB1/NFKBIA/IL1RN/SPP1/PTGS2/RUNX3/BIRC3/SOX4/SLC3A2/DAB2IP/FGFR1/HIF1A/JUNB/NQO1/SLC7A5/FAS/DNMT3B/PIK3R1/MUC1/HSPA1B/VEGFA/ACVR1B/TES/MIF/SMAD3/IDH2/SNRPB/STRAP/HSP90B1/CDKN1B/KRAS/PAOX/CALR/CTNNB1/SOCS1/CDKN1C/BSG/MUC4/RASSF5/CD44/GPX1/BBC3/TRAF6/TYMP/WRAP53/SNRPE/RAC1/CDKN1A/MYD88/GSTP1/PIK3CA/SMARCB1/E2F1/STAT3/FBXO11"
"DOID:7148","rheumatoid arthritis",89,0.430197646485606,1.56028034227807,0.00371022424228555,0.0182673981811353,0.0116935240824975,995,"tags=26%, list=7%, signal=24%","TNF/PLAUR/SH2D2A/IL1RN/SPP1/PTGS2/CEBPB/HIF1A/ZAP70/VIM/ZFP36/HSPA5/FAS/HSP90AA4P/IL4R/DNMT3B/PIK3R1/VEGFA/SLC11A1/HSP90AA1/EDN1/TYROBP/MIF"
"DOID:10652","Alzheimer's disease",280,0.324024419365675,1.38883583934747,0.00369124103700312,0.0182673981811353,0.0116935240824975,2104,"tags=22%, list=15%, signal=19%","TNF/WT1/ICAM1/CCL5/ECE1/PLAU/LDLR/ABCA1/ACHE/MT2A/SLC2A3/C5AR1/PTGS2/EPHA4/NECTIN2/HIVEP1/CEBPB/ANK2/FGFR1/HIF1A/VIM/NFE2L2/DBN1/FAS/KIF5C/NDUFA6/PIK3R1/TOMM40/HSPA1B/CDK7/HMGCR/VEGFA/CDC42/ENO1/HSP90AA1/PPP3R1/IRS1/EIF2AK2/GLUL/GAPDH/CALM1/CTNNB1/SLC2A1/NRGN/GNAS/PIN1/GLUD1/UQCRC1/AIF1/OPA1/CSNK1A1/TAP2/DNAJA1/PEBP1/GSTP1/BAK1/CYP51A1/E2F1/STAT3/GSR/NTRK1/SNRPA"
"DOID:8857","lupus erythematosus",82,0.459300780068233,1.65679730322708,0.00375619157723055,0.0183855692990759,0.0117691690539264,868,"tags=18%, list=6%, signal=17%","TNF/PRF1/PRDM1/LDLR/RETN/IL21R/IFIH1/IL1RN/TAP1/JUNB/VIM/FAS/SNRPC/GADD45A/SLC11A1"
"DOID:272","hepatic vascular disease",36,0.569980567327124,1.76101497196048,0.00382566716778234,0.0185091527134903,0.0118482786029888,961,"tags=28%, list=7%, signal=26%","TNF/SERPINE1/GCH1/PTGS2/HSP90AA4P/PIK3R1/CPEB4/VEGFA/HSP90AA1/EDN1"
"DOID:10591","pre-eclampsia",90,0.453247312669212,1.64766880515023,0.00381834761202099,0.0185091527134903,0.0118482786029888,862,"tags=21%, list=6%, signal=20%","H19/TNF/ICAM1/CCL5/F3/PEG10/SERPINE1/SERPINA1/PLAUR/TIMP1/IL1RN/ATP2B1/DAB2IP/HIF1A/FAS/ITGAM/GAMT/HLA-A/VEGFA"
"DOID:820","myocarditis",19,0.693815148012805,1.82404459914867,0.00388486450053034,0.0185807519253937,0.0118941114632779,1879,"tags=47%, list=13%, signal=41%","ICAM1/SPP1/PTGER4/MIF/S100A9/TXN/ITGB2/HAMP/CXCR3"
"DOID:3211","lysosomal storage disease",241,0.335066259772058,1.41146786399994,0.00386903721273477,0.0185807519253937,0.0118941114632779,1621,"tags=19%, list=12%, signal=17%","TNF/ICAM1/CCL5/GPBAR1/PLAU/LDLR/STAT1/RETN/SERPINE1/ABCA1/TIMP1/NFKB1/IL1RN/NEU1/PTGS2/SCD/COL1A1/BIRC3/NLRP3/PLIN2/FGFR1/TGFB1/NQO1/NFE2L2/NAMPT/HSPA5/PGRMC1/SREBF1/HMGCR/PSMD7/SBDS/TFE3/INSIG1/TXN/SREBF2/GUSB/IRS1/FASN/SOCS1/PLIN3/ACTB/HAMP/GGT1/AHCY/G6PD/GPX1"
"DOID:9360","intrinsic asthma",20,0.684462660547021,1.83359739334623,0.0041018026237086,0.0192074561831132,0.0122952841567058,823,"tags=30%, list=6%, signal=28%","CCL5/PTGS2/CYSLTR2/PTGER4/HLA-B/HSPA1B"
"DOID:0050827","rheumatic heart disease",14,0.727062553520244,1.75998836082167,0.00404537185438565,0.0192074561831132,0.0122952841567058,1340,"tags=36%, list=10%, signal=32%","INHBA/SNAI1/COL1A1/GAPDH/SOCS1"
"DOID:2151","malignant ovarian surface epithelial-stromal neoplasm",34,0.579479617451242,1.75935952107786,0.00410768776198,0.0192074561831132,0.0122952841567058,1379,"tags=26%, list=10%, signal=24%","WT1/MUC16/PRKCA/EDN1/RHOA/NCOA4/NME2/SOCS1/BSG"
"DOID:4001","ovarian carcinoma",34,0.579479617451242,1.75935952107786,0.00410768776198,0.0192074561831132,0.0122952841567058,1379,"tags=26%, list=10%, signal=24%","WT1/MUC16/PRKCA/EDN1/RHOA/NCOA4/NME2/SOCS1/BSG"
"DOID:799","varicose veins",10,0.789945250445914,1.78218029929127,0.00416288061458435,0.0193573948578172,0.0123912645194353,952,"tags=50%, list=7%, signal=47%","HIF1A/VIM/FAS/HSP90AA4P/HSP90AA1"
"DOID:2316","brain ischemia",230,0.335900276980124,1.40812692215289,0.00438597220095783,0.0202820924431033,0.0129831919179269,1741,"tags=21%, list=12%, signal=19%","CP/TNF/ICAM1/LIF/PLAU/SERPINE1/GCH1/MT2A/PRKCA/NFKB1/LMNA/ANXA1/IL1RN/PTGS2/SGK1/ANK2/AHR/FGFR1/HIF1A/TGFB1/NQO1/PTGER4/NAMPT/DBN1/DDIT3/HSPA5/FAS/ITGAM/PDE4D/PPP1R15A/BTG2/EDN1/CREM/IRAK1/GLUL/SOCS1/F11R/BEX3/GLUD2/GLUD1/G6PD/AIF1/MDH2/F12/BBC3/TFPI/OPA1/UCP2"
"DOID:10762","portal hypertension",31,0.589763763387771,1.74513931600318,0.00443932771995149,0.0203167014789373,0.0130053462274779,961,"tags=29%, list=7%, signal=27%","TNF/GCH1/PTGS2/HSP90AA4P/PIK3R1/CPEB4/VEGFA/HSP90AA1/EDN1"
"DOID:289","endometriosis",37,0.55082177574034,1.70544830569601,0.00445010278723292,0.0203167014789373,0.0130053462274779,1324,"tags=27%, list=9%, signal=25%","CXCL8/TNF/CCL5/CSF1/NFKBIA/PTGS2/DNMT3B/VEGFA/KRAS/CTNNB1"
"DOID:5041","esophageal cancer",109,0.40933264718356,1.54628870959235,0.00446627607183329,0.0203167014789373,0.0130053462274779,744,"tags=14%, list=5%, signal=13%","CXCL8/CYP1B1/CXCL3/CXCL1/CXCL2/TNFAIP3/PTGS2/TAP1/RUNX3/BIRC3/DAB2IP/JUNB/SLC7A5/FAS/DNMT3B"
"DOID:1575","rheumatic disease",57,0.508908575911703,1.72888375150772,0.00465247550679782,0.0209361397805902,0.0134018677586875,1485,"tags=32%, list=11%, signal=28%","CP/CCL3/ICAM1/CSF1/SERPINE1/PTGS2/TAP1/COL1A1/TGFB1/HLA-A/MUC1/VEGFA/SLC11A1/EDN1/IRAK1/IL27RA/ARPC2/F11R"
"DOID:419","scleroderma",57,0.508908575911703,1.72888375150772,0.00465247550679782,0.0209361397805902,0.0134018677586875,1485,"tags=32%, list=11%, signal=28%","CP/CCL3/ICAM1/CSF1/SERPINE1/PTGS2/TAP1/COL1A1/TGFB1/HLA-A/MUC1/VEGFA/SLC11A1/EDN1/IRAK1/IL27RA/ARPC2/F11R"
"DOID:0050745","diffuse large B-cell lymphoma",21,0.675068615530628,1.83053787302026,0.00487308016521522,0.0216955749908784,0.0138880056220299,336,"tags=24%, list=2%, signal=23%","ICAM1/PRDM1/IL21R/NFKBIA/BCL6"
"DOID:0081452","large B-cell lymphoma",21,0.675068615530628,1.83053787302026,0.00487308016521522,0.0216955749908784,0.0138880056220299,336,"tags=24%, list=2%, signal=23%","ICAM1/PRDM1/IL21R/NFKBIA/BCL6"
"DOID:418","systemic scleroderma",55,0.494907187816894,1.66605066055719,0.00491000978525495,0.0217443290489862,0.0139192145959051,1922,"tags=35%, list=14%, signal=30%","CP/CCL3/ICAM1/CSF1/SERPINE1/PTGS2/TAP1/COL1A1/MUC1/VEGFA/SLC11A1/EDN1/IRAK1/IL27RA/ARPC2/F11R/TAP2/CXCR3/STAT4"
"DOID:4606","bile duct cancer",71,0.458263367908508,1.614465238822,0.00495349567050375,0.0218214519800612,0.0139685833589275,1859,"tags=30%, list=13%, signal=26%","THBS1/TNFAIP3/MUC16/SOCS3/PTGS2/RUNX3/FSCN1/TGFB1/SLC7A5/FAS/IL4R/MUC1/HSP90AA1/IDH2/KRAS/ANXA2/MUC4/GNAS/RAC1/HSP90AB1/GSTP1"
"DOID:0050543","Charcot-Marie-Tooth disease intermediate type",11,0.758080881783682,1.74765884965956,0.00520016908020774,0.0223207257442763,0.0142881838695047,756,"tags=45%, list=5%, signal=43%","MX1/MX2/PLEKHG5/FHDC1/COX6A1"
"DOID:12361","Graves' disease",25,0.608969997160354,1.72322706289681,0.00517468713456188,0.0223207257442763,0.0142881838695047,862,"tags=24%, list=6%, signal=23%","TNF/ICAM1/SERPINE1/FAS/HLA-B/VEGFA"
"DOID:4896","bile duct adenocarcinoma",70,0.461924632463823,1.62542882926094,0.00519231157462196,0.0223207257442763,0.0142881838695047,1859,"tags=30%, list=13%, signal=26%","THBS1/TNFAIP3/MUC16/SOCS3/PTGS2/RUNX3/FSCN1/TGFB1/SLC7A5/FAS/IL4R/MUC1/HSP90AA1/IDH2/KRAS/ANXA2/MUC4/GNAS/RAC1/HSP90AB1/GSTP1"
"DOID:4897","bile duct carcinoma",70,0.461924632463823,1.62542882926094,0.00519231157462196,0.0223207257442763,0.0142881838695047,1859,"tags=30%, list=13%, signal=26%","THBS1/TNFAIP3/MUC16/SOCS3/PTGS2/RUNX3/FSCN1/TGFB1/SLC7A5/FAS/IL4R/MUC1/HSP90AA1/IDH2/KRAS/ANXA2/MUC4/GNAS/RAC1/HSP90AB1/GSTP1"
"DOID:4947","cholangiocarcinoma",70,0.461924632463823,1.62542882926094,0.00519231157462196,0.0223207257442763,0.0142881838695047,1859,"tags=30%, list=13%, signal=26%","THBS1/TNFAIP3/MUC16/SOCS3/PTGS2/RUNX3/FSCN1/TGFB1/SLC7A5/FAS/IL4R/MUC1/HSP90AA1/IDH2/KRAS/ANXA2/MUC4/GNAS/RAC1/HSP90AB1/GSTP1"
"DOID:2583","agammaglobulinemia",24,0.626970134792159,1.74915826450363,0.00526021722201152,0.0224632745654268,0.0143794337594193,2144,"tags=42%, list=15%, signal=35%","NFKB2/IL21R/NFKB1/IRF2BP2/IGHM/PIK3R1/SPI1/CD79A/LRRC8A/SLC39A7"
"DOID:0080809","chronic asthma",43,0.53557475068019,1.7181080845472,0.00538778732356167,0.0228912588315793,0.014653399667074,1785,"tags=33%, list=13%, signal=28%","IL1RL1/CCL5/HLX/NFKBIA/PTGS2/CYSLTR2/PTGER4/HLA-B/HSPA1B/EDN1/HPGDS/IFNGR2/ORMDL3/TAP2"
"DOID:193","reproductive organ cancer",393,0.297326856610809,1.32284193669269,0.00544118636077576,0.0230013787069157,0.0147238907901907,2021,"tags=20%, list=14%, signal=18%","TNFRSF4/H19/TNF/WT1/ICAM1/TCF7/THBS1/PDGFA/MX1/PLAU/STAT1/ATF3/KLF6/MUC16/IRF1/PRKCA/TIMP1/NFKB1/NFKBIA/MAP2K3/SPP1/PTGS2/TAP1/RUNX3/SGK1/DAB2IP/FGFR1/HIF1A/PLK3/HMGA1/ATF4/CD82/TGFB1/NRAS/FOSL1/FAS/HLA-B/PIK3R1/HLA-A/MUC1/KMT2E/VEGFA/TES/EDN1/RHOA/SMAD3/NCOA4/PTPN6/SREBF2/FABP5/CD55/SF3B4/NME2/KRAS/CALR/JUP/CTNNB1/SOCS1/BSG/BAG1/VDAC1/CD44/NDUFS6/PPP2CA/TYMP/WRAP53/SNRPE/TAP2/CDKN1A/MYD88/HNRNPC/PEBP1/GSTP1/BAK1/CYP51A1/PIK3CA/ADAR/E2F1/STAT3/ADIPOR1"
"DOID:0080162","lupus nephritis",17,0.691478001963364,1.74678683285033,0.00560511543121511,0.0234574080796352,0.01501580923415,1163,"tags=35%, list=8%, signal=32%","TNF/CSF1/IL1RN/COL1A1/ITGAM/OTUB1"
"DOID:680","tauopathy",288,0.319594397459905,1.37824327758368,0.00557947064964088,0.0234574080796352,0.01501580923415,2104,"tags=22%, list=15%, signal=19%","TNF/WT1/ICAM1/CCL5/ECE1/PLAU/LDLR/ABCA1/ACHE/MT2A/SLC2A3/C5AR1/PTGS2/EPHA4/NECTIN2/HIVEP1/CEBPB/ANK2/FGFR1/HIF1A/VIM/NFE2L2/DBN1/FAS/KIF5C/NDUFA6/PIK3R1/TOMM40/HSPA1B/CDK7/VASP/HMGCR/VEGFA/CDC42/ENO1/HSP90AA1/PPP3R1/SNRPB/IRS1/EIF2AK2/GLUL/GAPDH/CALM1/CTNNB1/SLC2A1/NRGN/GNAS/PIN1/GLUD1/UQCRC1/AIF1/OPA1/CSNK1A1/TAP2/DNAJA1/PEBP1/GSTP1/BAK1/CYP51A1/E2F1/STAT3/GSR/NTRK1/SNRPA"
"DOID:0060319","cardiac arrest",10,0.773301302354443,1.74463020784594,0.00598849847993147,0.0248137288500131,0.0158840319243623,55,"tags=20%, list=0%, signal=20%","TNF/CCL5"
"DOID:13608","biliary atresia",11,0.753116273003277,1.73621357689426,0.00596115373801397,0.0248137288500131,0.0158840319243623,641,"tags=36%, list=5%, signal=35%","CXCL8/ICAM1/SPP1/TGFB1"
"DOID:8577","ulcerative colitis",39,0.563802619908654,1.76963033334533,0.00623232617339226,0.0256968325474351,0.0164493337944343,969,"tags=33%, list=7%, signal=31%","TNF/ICAM1/TNFAIP3/IL1RN/PTGS2/COL1A1/RHOB/PTGER4/FAS/COL6A3/VEGFA/SLC11A1/RHOA"
"DOID:9500","leukocyte disease",42,0.526831304730288,1.6887566627094,0.00667178743033501,0.0273739513685804,0.0175229091952555,714,"tags=14%, list=5%, signal=14%","TNF/IL2RA/IL1RN/C5AR1/ADAM8/ITGAM"
"DOID:12712","nephronophthisis",25,-0.62236546775196,-1.74095689104184,0.00673725190151736,0.027507706544244,0.0176085300019119,3093,"tags=56%, list=22%, signal=44%","WWTR1/INVS/TRAF3IP1/AHI1/TMEM67/CEP83/CEP164/ANKS6/RPGRIP1L/SDCCAG8/CNTRL/WDR19/NPHP3/ZNF423"
"DOID:0060340","ciliopathy",97,-0.444811002378622,-1.5680948050619,0.00685914096926302,0.0278694222877337,0.0178400753876079,4092,"tags=52%, list=29%, signal=37%","INPP5E/CEP104/IFT74/CBY1/DNAAF5/TOGARAM1/DNAH1/RSPH1/TMEM218/LRRC56/B9D2/RSPH4A/CEP120/TCTN2/TTLL1/INVS/ARMC9/BBS4/TTC8/AHI1/PKD2/TMEM67/CENPF/CC2D1A/CEP41/MKKS/BRWD1/RSPH3/PIBF1/FAM149B1/IFT80/KIAA0586/KIAA0753/ARL13B/RPGRIP1L/VANGL2/GAS8/TXNDC15/TULP3/ARL6/TBC1D32/CEP290/MKS1/WDR19/SUFU/SPEF2/NME8/NPHP3/TTC12/PRKG2"
"DOID:707","B-cell lymphoma",44,0.523055213862463,1.68460084306504,0.0069665727142052,0.0281691853226558,0.0180319629368444,1859,"tags=30%, list=13%, signal=26%","ICAM1/PRDM1/IL21R/NFKBIA/BCL6/BIRC3/LGALS1/CALR/BRD2/BCL10/MYD88/CCDC50/GSTP1"
"DOID:11446","sciatic neuropathy",69,0.459110987501745,1.61776388898454,0.00716074543638829,0.0288151150493125,0.0184454424449476,699,"tags=17%, list=5%, signal=17%","TNF/ICAM1/CCL5/PLAU/SERPINE1/GCH1/NFKBIA/IL1RN/NLGN3/FGFR1/DBN1/FAS"
"DOID:8778","Crohn's disease",36,0.545019526569499,1.68389520856921,0.00732514015704762,0.0293356091456883,0.0187786267435771,868,"tags=28%, list=6%, signal=26%","TNF/ICAM1/PRF1/SERPINA1/IL21R/PLAUR/PTGS2/COL6A3/VEGFA/SLC11A1"
"DOID:0050951","hereditary ataxia",109,-0.423674771163022,-1.5236181617669,0.00737396690310998,0.0293905252281098,0.0188137802189623,2907,"tags=32%, list=21%, signal=26%","SCN2A/ZFHX3/TTBK2/HDAC4/KIF1C/ATR/MRE11/ATXN3/GDAP2/RNF170/VPS41/VPS13D/ITPR1/ANKFY1/VPS13C/PNPLA7/VPS13A/SNX13/COA7/AARS2/RPGRIP1L/KCNA3/GEMIN5/SLC1A6/ITPR3/ATXN2/SLC18A2/SYNE1/SNX25/ZFHX2/ATXN7L1/SPTB/ATM/SLC1A3/MME"
"DOID:3498","pancreatic ductal adenocarcinoma",26,0.61502201638054,1.76014649820763,0.00755378813128294,0.0299645529188807,0.0191812330198205,3369,"tags=58%, list=24%, signal=44%","GLIPR2/EIF5A/EIF5A2/TGFB1/EIF5AL1/RALA/CALR/RAC1/E2F1/CCND1/FOXM1/S100A8/TGFBR1/FUBP1/CDK4"
"DOID:11252","microcytic anemia",47,0.518633255333211,1.70619841606931,0.00766397217617287,0.0301669264827879,0.0193107785697529,1621,"tags=28%, list=12%, signal=25%","HBG2/HBG1/TNF/MX1/MX2/COL1A1/ALAS2/PPP1R15A/SLC11A1/CALR/GLRX5/HAMP/GPX1"
"DOID:9538","multiple myeloma",64,0.467563990117304,1.61877275445686,0.00767688810135463,0.0301669264827879,0.0193107785697529,1275,"tags=22%, list=9%, signal=20%","H19/TNF/ICAM1/NFKBIA/IL1RN/SPP1/TGFB1/NQO1/NRAS/IL4R/VEGFA/DIS3/KRAS/B2M"
"DOID:12177","common variable immunodeficiency",14,0.701979948515189,1.69927131157434,0.00804555953996665,0.0314142497731697,0.0201092286166677,691,"tags=29%, list=5%, signal=27%","NFKB2/IL21R/NFKB1/IRF2BP2"
"DOID:2893","cervix carcinoma",34,0.556020328479695,1.6881347149469,0.00806937120816186,0.0314142497731697,0.0201092286166677,2199,"tags=35%, list=16%, signal=30%","TNFRSF4/H19/CD82/FOSL1/SMAD3/BAG1/TYMP/TAP2/BAK1/ADAR/TFRC/BAX"
"DOID:1909","melanoma",61,0.475138350850903,1.63645151140133,0.00840871986997448,0.032446143803634,0.0207697757606108,1859,"tags=26%, list=13%, signal=23%","ICAM1/NFKB1/NFKBIA/IL1RN/SPP1/RHOB/IER2/JUNB/NRAS/FAS/VEGFA/BRD2/ARPC2/GGT1/CDKN1A/GSTP1"
"DOID:326","ischemia",249,0.323688443438513,1.36334281818636,0.00841196320834955,0.032446143803634,0.0207697757606108,1741,"tags=20%, list=12%, signal=18%","CP/TNF/ICAM1/LIF/PLAU/SERPINE1/GCH1/MT2A/PRKCA/NFKB1/LMNA/ANXA1/IL1RN/PTGS2/SGK1/ANK2/AHR/FGFR1/HIF1A/TGFB1/NQO1/PTGER4/NAMPT/DBN1/DDIT3/HSPA5/FAS/ITGAM/PDE4D/PPP1R15A/BTG2/VEGFA/EDN1/CREM/IRAK1/GLUL/SOCS1/F11R/BEX3/CS/GLUD2/GLUD1/G6PD/AIF1/MDH2/F12/BBC3/TFPI/OPA1/ETV2/UCP2"
"DOID:1793","pancreatic cancer",199,0.342359154317006,1.4101265576323,0.00846674913938803,0.0325076560993935,0.0208091516752704,1973,"tags=23%, list=14%, signal=20%","ICAM1/ADM/THBS1/SERPINA1/MUC16/ADGRE5/NFKB1/ANXA1/BAG3/SPP1/PTGS2/RUNX3/AHR/GLIPR2/FSCN1/ADAM8/EIF5A/EIF5A2/TGFB1/EIF5AL1/IL4R/DNMT3B/MUC1/ACVR1B/CDC42/SMAD3/RALA/SF3B4/KRAS/CALR/PFN1/BAG4/ANXA2/MUC4/GNAS/HDAC1/EIF4A3/TYMP/RAC1/CDKN1A/CACYBP/GSTP1/VHL/ITGA4/E2F1"
"DOID:2473","opportunistic mycosis",49,0.503703000714745,1.67018848247215,0.00863257958108122,0.0325471581502927,0.020834438154435,2644,"tags=33%, list=19%, signal=27%","CXCL8/PTX3/CLEC7A/MUC1/SMAP2/ARPC5L/FTL/FTH1/CXCR3/TRMT6/PRKD2/ANP32B/ANP32A/SEC13/ELOA/TRAF3IP2"
"DOID:1188","mononeuropathy",75,0.434814615275802,1.53268192770435,0.00862268220763286,0.0325471581502927,0.020834438154435,699,"tags=17%, list=5%, signal=17%","TNF/ICAM1/CCL5/PLAU/SERPINE1/GCH1/MT2A/NFKBIA/IL1RN/NLGN3/FGFR1/DBN1/FAS"
"DOID:1802","mononeuritis",75,0.434814615275802,1.53268192770435,0.00862268220763286,0.0325471581502927,0.020834438154435,699,"tags=17%, list=5%, signal=17%","TNF/ICAM1/CCL5/PLAU/SERPINE1/GCH1/MT2A/NFKBIA/IL1RN/NLGN3/FGFR1/DBN1/FAS"
"DOID:0070004","myeloid neoplasm",98,0.397206010676419,1.47665926551823,0.00854277431904069,0.0325471581502927,0.020834438154435,1284,"tags=20%, list=9%, signal=19%","H19/TNF/ICAM1/F3/NFKBIA/IL1RN/SPP1/SH2B3/FGFR1/TGFB1/NQO1/NRAS/IL4R/VEGFA/CDC42/PTPN6/DIS3/KRAS/B2M/CALR"
"DOID:219","colon cancer",143,0.363448461082928,1.43230570172397,0.00867535790610599,0.0325617693605861,0.0208437912400658,2534,"tags=25%, list=18%, signal=21%","CCL3/PRF1/LIF/STAT1/TNFAIP3/TNFRSF10D/HPGD/MAP2K3/BIRC3/JUNB/TGFB1/NQO1/SLC7A5/FOSL1/COL6A3/VEGFA/TNFRSF10B/HSP90AA1/GPX4/ACTR1A/CALR/CTNNB1/GPX1/RAC1/MYD88/GSTP1/PIK3CA/STAT3/UBA52/BAX/TYMS/TNFRSF10C/LGALS3/FOSL2/FECH/KDM3A"
"DOID:2394","ovarian cancer",126,0.375678608088069,1.46560308478858,0.00884955903215541,0.0330673254906878,0.0211674132864995,2092,"tags=23%, list=15%, signal=20%","H19/TNF/WT1/ICAM1/MUC16/PRKCA/TIMP1/RUNX3/HIF1A/PLK3/CD82/FAS/EDN1/RHOA/NCOA4/NME2/CALR/JUP/CTNNB1/SOCS1/BSG/CD44/TYMP/WRAP53/PEBP1/GSTP1/PIK3CA/STAT3/TFRC"
"DOID:3978","extrinsic cardiomyopathy",24,0.601762812050124,1.67883338863876,0.00954095751257312,0.035492361946772,0.0227197537960221,1879,"tags=46%, list=13%, signal=40%","ICAM1/SPP1/PFKFB3/PTGER4/MIF/SMAD3/S100A9/TXN/ITGB2/HAMP/CXCR3"
"DOID:1094","attention deficit hyperactivity disorder",35,-0.559841143991279,-1.67116625556614,0.00964230733148897,0.0355533534645651,0.0227587963446691,88,"tags=20%, list=1%, signal=20%","MTHFR/FBXO25/THRB/DOCK3/AR/ADRA2A/CDH2"
"DOID:11984","hypertrophic cardiomyopathy",69,0.451018677067767,1.5892491116106,0.00962544541311138,0.0355533534645651,0.0227587963446691,1567,"tags=25%, list=11%, signal=22%","XIRP1/CYP1B1/ICAM1/ADM/FLNC/RETN/TTN/AHR/NEXN/NRAS/SLC25A5/EDN1/KRAS/ACTB/ACTG1/PEPD/CS"
"DOID:13241","Behcet's disease",40,0.531936388850031,1.67786565688227,0.00978468153894619,0.0357632246641832,0.0228931413620943,1143,"tags=35%, list=8%, signal=32%","TNF/ICAM1/SERPINE1/IL21R/IL1RN/TGFB1/VIM/FAS/ITGAM/HLA-B/VEGFA/SLC11A1/EDN1/DHCR7"
"DOID:224","transient cerebral ischemia",158,0.355025840757402,1.41900474094293,0.00974879777126878,0.0357632246641832,0.0228931413620943,2317,"tags=27%, list=17%, signal=22%","TNF/ICAM1/PLAU/SERPINE1/GCH1/MT2A/NFKB1/LMNA/IL1RN/SGK1/ANK2/AHR/FGFR1/HIF1A/NQO1/PTGER4/NAMPT/DBN1/HSPA5/FAS/ITGAM/PDE4D/PPP1R15A/CREM/GLUL/SOCS1/F11R/BEX3/G6PD/F12/BBC3/TFPI/OPA1/UCP2/OPTN/STAT3/GSR/SLC12A2/BAX/HTRA2/MBD2/CASP8"
"DOID:2531","hematologic cancer",322,0.309221691355133,1.34790762558232,0.00992883799762561,0.0361323365391854,0.0231294212393201,2203,"tags=22%, list=16%, signal=19%","H19/TNF/ICAM1/PRF1/TNFSF9/F3/PRDM1/IER3/IL21R/NFKBIA/IL1RN/SPP1/BCL6/BIRC3/SH2B3/FGFR1/IER2/LGALS1/HIF1A/RARA/HMGA1/JUNB/TGFB1/NQO1/NRAS/FAS/IL4R/DNMT3B/KMT2E/VEGFA/CDC42/TES/ZFP91/PTPN6/IDH2/PAFAH1B2/DIS3/CDKN1B/CYBA/KRAS/B2M/CALR/SOCS1/BRD2/S1PR2/HDAC1/SPI1/GNB1/SH3GL1/BTG1/GPX1/BCL10/RPS15/TFPI/JAK3/SNRPE/CDKN1A/MYD88/GPI/CCDC50/GSTP1/AK3/STAT4/E2F1/STAT3/MYBL2/CASP10/GSR/TFRC/HOXA4/BAX/TYMS"
"DOID:263","kidney cancer",196,0.3338899814194,1.37226211948533,0.0101444011590884,0.0367569860179956,0.0235292786054955,1578,"tags=19%, list=11%, signal=17%","H19/TNF/WT1/PLAU/STAT1/MAP3K8/TIMP1/ANXA1/IL1RN/PTGS2/BIRC3/FGFR1/HIF1A/JUNB/TGFB1/LATS2/NRAS/FOSL1/PAK6/FAS/IL4R/KDM6B/PIK3R1/MUC1/BTG2/VEGFA/TFE3/CDKN1B/KRAS/JUP/CTNNB1/BSG/ANXA2/SLC2A1/RNF139/FRS2/CD44"
"DOID:576","proteinuria",106,0.391403822292771,1.47213326626452,0.0102360897002729,0.0369293408583122,0.0236396082460931,1870,"tags=28%, list=13%, signal=25%","COL4A5/WT1/ICAM1/ECE1/SERPINA1/NFKBIA/IL1RN/PTGS2/STAR/LGALS1/HIF1A/TGFB1/VIM/DDIT3/PIGA/VEGFA/EDN1/CFL1/DGKE/SREBF2/CD55/GPX4/B2M/AVIL/ARHGDIA/PIGT/GPX1/TFPI/CDKN1A/OPTN"
"DOID:11168","anogenital venereal wart",10,0.753966226656186,1.70100871512187,0.0103289180012091,0.0371043105880346,0.0237516117579194,1023,"tags=40%, list=7%, signal=37%","TNF/TNFRSF18/TGFB1/PTPN6"
"DOID:6195","conjunctivitis",13,0.715746297208109,1.69585502770427,0.0104278885369817,0.0372997551515115,0.0238767218413122,1436,"tags=69%, list=10%, signal=62%","ICAM1/CCL5/IRF1/IL1RN/FAS/IL4R/MUC1/LCK/MUC4"
"DOID:0081445","sickle cell disease",16,0.697769693676669,1.74836886279836,0.0107408225512371,0.0380935104889212,0.0243848290748424,641,"tags=31%, list=5%, signal=30%","HBG2/TNF/F3/GCH1/TGFB1"
"DOID:10923","sickle cell anemia",16,0.697769693676669,1.74836886279836,0.0107408225512371,0.0380935104889212,0.0243848290748424,641,"tags=31%, list=5%, signal=30%","HBG2/TNF/F3/GCH1/TGFB1"
"DOID:14791","Leber congenital amaurosis",15,-0.683844234203817,-1.6987952593752,0.0109856510520369,0.0387974258673201,0.024835426984174,1738,"tags=40%, list=12%, signal=35%","NMNAT1/MYO7A/RDH13/CEP290/USP45/LCA5"
"DOID:0080822","aspirin-induced respiratory disease",14,0.689117586647165,1.66813560382705,0.0110371211043746,0.0388154216989982,0.0248469466701755,3714,"tags=64%, list=27%, signal=47%","PTGS2/CYSLTR2/PTGER4/HSPA1B/TAP2/TBX21/HLA-DQA1/ALOX5/HLA-DQB1"
"DOID:0050548","hereditary sensory and autonomic neuropathy",15,-0.683275112344122,-1.69738145566246,0.0112519666434562,0.0389988956941372,0.0249643940241663,1201,"tags=47%, list=9%, signal=43%","TECPR2/DST/ATL3/ATL1/ELP3/ZFHX2/SPTLC3"
"DOID:1924","hypogonadism",13,0.711590244249881,1.68600787469473,0.0112756663775164,0.0389988956941372,0.0249643940241663,2638,"tags=69%, list=19%, signal=56%","SPRY4/STAR/FGFR1/NR5A1/NSMF/EDN1/GNRH1/DUSP6/CHD7"
"DOID:2671","transitional cell carcinoma",60,0.459384633154533,1.57274798141684,0.0112025080809134,0.0389988956941372,0.0249643940241663,1732,"tags=30%, list=12%, signal=26%","H19/RELB/PLAU/TIMP1/ANXA1/PTGS2/REL/SLC3A2/CD82/NRAS/SLC7A5/FAS/CDKN1B/KRAS/CTNNB1/BSG/CD44/TYMP"
"DOID:0050741","alcohol dependence",69,-0.460254316645176,-1.53882114155638,0.0111778952460745,0.0389988956941372,0.0249643940241663,2316,"tags=28%, list=17%, signal=23%","FOS/DAGLA/TBX19/BPTF/CCSER1/FMN1/OPRL1/CREB1/IGF1R/TLR3/GPHN/INSR/TTC12/VWF/CDK20/GABBR1/AR/ADRA2A/NR3C2"
"DOID:2043","hepatitis B",31,0.557030598948035,1.648280309487,0.0114448251450206,0.0394210643884042,0.0252346372051786,1324,"tags=29%, list=9%, signal=26%","TNF/CCL5/PLAU/ZC3H12A/PLAUR/NFKBIA/FAS/EIF2AK2/CTNNB1"
"DOID:0081267","graft-versus-host disease",27,0.568784299272678,1.64288924116743,0.0115654615414245,0.0396733250416898,0.0253961170171919,862,"tags=33%, list=6%, signal=31%","F3/IL1RN/HLA-G/LST1/HLA-H/FAS/HLA-B/HSPA1B/VEGFA"
"DOID:1936","atherosclerosis",51,0.468194996101725,1.57047254820034,0.0117767695628726,0.040069740341969,0.0256498746576901,961,"tags=22%, list=7%, signal=20%","H19/ICAM1/PLAU/LDLR/CSF1/ABCA1/DAB2IP/VIM/FAS/ITGAM/EDN1"
"DOID:2348","arteriosclerotic cardiovascular disease",51,0.468194996101725,1.57047254820034,0.0117767695628726,0.040069740341969,0.0256498746576901,961,"tags=22%, list=7%, signal=20%","H19/ICAM1/PLAU/LDLR/CSF1/ABCA1/DAB2IP/VIM/FAS/ITGAM/EDN1"
"DOID:0050753","cerebellar ataxia",94,-0.42457393804134,-1.49258638498431,0.012205572377922,0.0413605833211366,0.0264761829974955,2181,"tags=27%, list=16%, signal=23%","MRE11/ATXN3/GDAP2/VPS41/VPS13D/ITPR1/ANKFY1/VPS13C/PNPLA7/VPS13A/SNX13/COA7/AARS2/RPGRIP1L/GEMIN5/ITPR3/ATXN2/SLC18A2/SYNE1/SNX25/ZFHX2/ATXN7L1/SPTB/ATM/MME"
"DOID:0050777","Joubert syndrome",35,-0.550766910754443,-1.64407901386678,0.0127142794693357,0.042738361107767,0.0273581409845355,4465,"tags=66%, list=32%, signal=45%","TMEM231/OFD1/INPP5E/CEP104/IFT74/TOGARAM1/TMEM218/B9D2/CEP120/TCTN2/ARMC9/AHI1/TMEM67/CEP41/PIBF1/FAM149B1/KIAA0586/KIAA0753/ARL13B/RPGRIP1L/CEP290/MKS1/SUFU"
"DOID:1781","thyroid cancer",39,-0.528007979381857,-1.59938198903994,0.0127008725862411,0.042738361107767,0.0273581409845355,1190,"tags=23%, list=9%, signal=21%","WDR3/MYC/MINPP1/ATM/ROBO4/EMCN/THRB/CDH1/CBX7"
"DOID:9279","hyperhomocysteinemia",14,0.679871740224348,1.64575433551484,0.0129193858727864,0.043254103902089,0.0276882838284139,1705,"tags=50%, list=12%, signal=44%","ICAM1/ECE1/CXCL1/AHCY/G6PD/GPX1/F12"
"DOID:3963","thyroid gland carcinoma",38,-0.532175450251454,-1.60291942819339,0.013036976917796,0.0434739031083477,0.0278289840686021,1190,"tags=24%, list=9%, signal=22%","WDR3/MYC/MINPP1/ATM/ROBO4/EMCN/THRB/CDH1/CBX7"
"DOID:9471","meningitis",13,0.701141445022191,1.66125098978611,0.0143276750653577,0.0475883493242237,0.0304627677872475,201,"tags=23%, list=1%, signal=23%","PLAU/ACHE/PLAUR"
